"Density_kg/m, Experimental","Density_kg/m, Prediction on epsilon=0.0001","Density_kg/m, Prediction on epsilon=0.01",Salt Name,Temperature_K,Pressure_kPa
7.152738596900803,7.15462601016758,7.154469026312043,1-ethyl-3-methylimidazolium thiocyanate,318.15,8000.0
7.1331363252365385,7.133004871614243,7.142891524894348,1-ethyl-3-methylimidazolium tetrafluoroborate,303.15,101.325
7.112938504919354,7.113136479905308,7.1221974108596156,1-ethyl-3-methylimidazolium tetrafluoroborate,313.15,20000.0
7.165493475060845,7.165599618080004,7.155926122201469,1-ethyl-3-methylimidazolium bis[(trifluoromethyl)sulfonyl]imide,333.15,101.325
7.017058013872587,7.018336902952197,7.022516870019991,1-ethyl-3-methylimidazolium trifluoromethanesulfonate,298.15,101.325
7.25148681728494,7.251544479539926,7.242486823700886,1-ethyl-3-methylimidazolium ethyl sulfate,320.65,101.325
7.373499851307489,7.373177264284438,7.379920220502738,1-ethyl-3-methylimidazolium ethyl sulfate,303.15,101.325
7.1278542001101215,7.117435088862827,7.120409382678284,1-ethyl-3-methylimidazolium ethyl sulfate,323.15,35000.0
7.147323208710489,7.14621028104509,7.13971021281362,1-ethyl-3-methylimidazolium bis[(trifluoromethyl)sulfonyl]imide,300.0,101.325
7.131778443323355,7.132221507250365,7.133186824802764,1-ethyl-3-methylimidazolium tetrafluoroborate,311.554,19542.0
7.1003736412534595,7.101690188122103,7.10533139956242,1-ethyl-3-methylimidazolium hexafluorophosphate,432.6,60000.0
7.310550158534422,7.311078786632554,7.309588784249949,1-ethyl-3-methylimidazolium bis[(trifluoromethyl)sulfonyl]imide,323.15,101.325
7.148424357162165,7.148934643049093,7.148685680260327,1-ethyl-3-methylimidazolium tetrafluoroborate,313.15,101.325
7.374001859350161,7.392175825549587,7.377636712744343,1-ethyl-3-methylimidazolium ethyl sulfate,328.15,20000.0
7.133455559078037,7.135101355226653,7.134231174203832,1-ethyl-3-methylimidazolium ethyl sulfate,373.15,45000.0
6.977840886548825,6.977610560254987,6.984263147456718,1-ethyl-3-methylimidazolium bis[(trifluoromethyl)sulfonyl]imide,323.15,101.325
7.119829793925439,7.120991972754649,7.123001440179286,1-ethyl-3-methylimidazolium tetrafluoroborate,308.15,101.325
7.261927092702751,7.261636246057301,7.262467312666096,1-ethyl-3-methylimidazolium ethyl sulfate,373.36,1000.0
7.117286602876485,7.1182069858454,7.120474877579396,1-ethyl-3-methylimidazolium ethyl sulfate,333.15,101.325
7.280008252884188,7.292698455259996,7.297984792506727,1-ethyl-3-methylimidazolium ethyl sulfate,298.15,101.325
7.1252830915107115,7.12557653351166,7.132016621136766,1-ethyl-3-methylimidazolium ethyl sulfate,298.15,101.0
7.139263746627974,7.132439767487747,7.141699270708467,1-ethyl-3-methylimidazolium ethyl sulfate,305.65,5000.0
7.174800876583475,7.174644191090384,7.165939764319672,1-ethyl-3-methylimidazolium hexafluorophosphate,472.4,90000.0
7.123511611862329,7.123428427066387,7.1282344972475995,1-ethyl-3-methylimidazolium methanesulfonate,353.2,101.325
7.1127348596686755,7.112669746241209,7.115384151346129,1-ethyl-3-methylimidazolium acetate,338.15,101.0
7.086152478883935,7.085988142327282,7.090708137739188,1-ethyl-3-methylimidazolium tetrafluoroborate,432.9,90000.0
7.1252830915107115,7.123980686532087,7.125721640251995,1-ethyl-3-methylimidazolium methylsulfate,350.15,101.325
7.10085190894405,7.101690188122103,7.10533139956242,1-ethyl-3-methylimidazolium ethyl sulfate,300.65,35000.0
7.107589260860723,7.107713595836402,7.116802518778473,1-ethyl-3-methylimidazolium tetrafluoroborate,323.15,6000.0
7.115582126184454,7.121036605207213,7.118558614455662,1-ethyl-3-methylimidazolium ethyl sulfate,295.65,101.325
7.12068686521993,7.114952868488292,7.1238691316407206,1-ethyl-3-methylimidazolium bis[(trifluoromethyl)sulfonyl]imide,323.15,10000.0
7.232444077063014,7.233489333306069,7.225994995626869,1-ethyl-3-methylimidazolium ethyl sulfate,313.15,5000.0
7.145274996240854,7.146103969469013,7.14577481956049,1-ethyl-3-methylimidazolium bis[(trifluoromethyl)sulfonyl]imide,283.19,49993.0
7.080026499922591,7.079343210121714,7.087112664515142,1-ethyl-3-methylimidazolium bis[(trifluoromethyl)sulfonyl]imide,313.15,29996.0
7.120630288819548,7.120991972754649,7.123001440179286,1-ethyl-3-methylimidazolium methylsulfate,338.15,101.325
7.126890808898808,7.105377536998878,7.114073472548126,1-ethyl-3-methylimidazolium bis[(trifluoromethyl)sulfonyl]imide,318.0,101.325
7.159843851980127,7.159677274561193,7.153364031364908,1-ethyl-3-methylimidazolium acetate,298.15,101.0
7.3293561689997055,7.328698844814341,7.323297242525675,1-ethyl-3-methylimidazolium trifluoromethanesulfonate,313.15,7500.0
7.124639280125202,7.124169570137632,7.133093625225707,1-ethyl-3-methylimidazolium ethyl sulfate,354.15,101.325
7.149916836132109,7.150003175241812,7.144235195364734,1-ethyl-3-methylimidazolium thiocyanate,298.15,10000.0
7.156621156452128,7.15647481383981,7.150401046588966,1-ethyl-3-methylimidazolium ethyl sulfate,353.15,15000.0
7.288927694521257,7.3094499603978145,7.316091334509794,1-ethyl-3-methylimidazolium tetrafluoroborate,452.6,180000.0
7.152503754048731,7.152701091835154,7.144885846383826,1-ethyl-3-methylimidazolium thiocyanate,298.178,144.6
6.990201250348835,6.991194325416386,6.995722343114493,1-ethyl-3-methylimidazolium tetrafluoroborate,298.15,101.325
7.148817330798692,7.1505980209254485,7.143514506109396,1-ethyl-3-methylimidazolium ethyl sulfate,293.15,2500.0
7.126681951748306,7.126559638422857,7.122345555311391,1-ethyl-3-methylimidazolium methylsulfate,318.15,101.325
7.002428892584818,7.002411015759905,7.005039131236939,1-ethyl-3-methylimidazolium ethyl sulfate,308.15,101.325
7.066978784530114,7.067868088675003,7.081109699643802,1-ethyl-3-methylimidazolium ethyl sulfate,323.15,101.325
7.127051438567453,7.128070464621578,7.130047646044008,1-ethyl-3-methylimidazolium ethyl sulfate,311.15,101.325
7.118907217443969,7.118181304921609,7.127833022427405,1-ethyl-3-methylimidazolium bis[(trifluoromethyl)sulfonyl]imide,352.32,5000.0
7.183111701743281,7.183354036135403,7.169748051029304,1-ethyl-3-methylimidazolium ethyl sulfate,313.15,101.325
7.224899061583537,7.2241027607880595,7.217567231059252,1-ethyl-3-methylimidazolium ethyl sulfate,347.15,101.325
7.158513997329321,7.159246121488892,7.1508425388731744,1-ethyl-3-methylimidazolium acetate,318.15,101.0
7.36827659283838,7.365292314533672,7.341503320774162,1-ethyl-3-methylimidazolium tetrafluoroborate,328.15,101.3
7.097962330050082,7.099685460972069,7.115406062355201,1-ethyl-3-methylimidazolium trifluoromethanesulfonate,299.193,50157.0
7.089910155218993,7.090465145925437,7.0988868996722365,1-ethyl-3-methylimidazolium acetate,278.15,101.325
7.1180162044653335,7.1098423876564665,7.118671161165579,1-ethyl-3-methylimidazolium ethyl sulfate,273.15,101.325
7.004518947414445,6.994879089350044,7.013517815616409,1-ethyl-3-methylimidazolium bis[(trifluoromethyl)sulfonyl]imide,303.13,101.0
7.132832958663611,7.133004871614243,7.142891524894348,1-ethyl-3-methylimidazolium ethyl sulfate,323.15,101.325
7.010943436778306,7.018159972428777,7.020289190072498,1-ethyl-3-methylimidazolium ethyl sulfate,318.15,100.0
7.106852009137794,7.105607669695919,7.115373307303688,1-ethyl-3-methylimidazolium ethyl sulfate,268.15,101.325
7.280903785613758,7.281055676237075,7.287108945323045,1-ethyl-3-methylimidazolium methylsulfate,293.15,101.325
7.00397413672268,6.994287551388861,7.0249220149757745,1-ethyl-3-methylimidazolium thiocyanate,313.15,101.325
7.305860032684009,7.305447937411908,7.298689203976924,1-ethyl-3-methylimidazolium ethyl sulfate,288.15,101.325
7.132976670091312,7.13512836105627,7.134259946061598,1-ethyl-3-methylimidazolium methylsulfate,293.15,101.325
7.073184968105874,7.07234826508677,7.080001785131017,1-ethyl-3-methylimidazolium ethyl sulfate,298.141,96.0
7.102910793756178,7.102785812584682,7.106273258523073,1-ethyl-3-methylimidazolium ethyl sulfate,283.19,5138.0
7.1349705296664006,7.135299287339536,7.135389934057181,1-ethyl-3-methylimidazolium ethyl sulfate,303.15,35000.0
7.018401799069201,7.018162984983888,7.021029862777399,1-ethyl-3-methylimidazolium ethyl sulfate,313.15,120354.0
7.12068686521993,7.121550641493477,7.131082637986635,1-ethyl-3-methylimidazolium ethyl sulfate,337.15,101.325
7.174188178394744,7.174396120708779,7.164951994799995,1-ethyl-3-methylimidazolium tetrafluoroborate,340.365,19698.0
7.098524387857645,7.09879690579847,7.108704571435054,1-ethyl-3-methylimidazolium acetate,298.15,101.325
7.332369205929062,7.330840268326606,7.321426492841964,1-ethyl-3-methylimidazolium ethyl sulfate,303.15,101.325
7.064929953354135,7.068399307269793,7.08486549378653,1-ethyl-3-methylimidazolium methanesulfonate,303.0,101.325
7.149916836132109,7.150104204700342,7.141860939834198,1-ethyl-3-methylimidazolium ethyl sulfate,433.15,100.0
7.006604643024306,7.04890075780697,7.074811546404037,1-ethyl-3-methylimidazolium ethyl sulfate,298.15,101.325
7.096969692033262,7.097058273807753,7.093238515088775,1-ethyl-3-methylimidazolium ethyl sulfate,433.15,30010.0
7.210227436906553,7.210595219464137,7.203682825199634,1-ethyl-3-methylimidazolium methylsulfate,313.15,10000.0
7.117692002809065,7.118185522802823,7.120704443269453,1-ethyl-3-methylimidazolium hexafluorophosphate,312.8,30000.0
7.120630288819548,7.120991972754649,7.123001440179286,1-ethyl-3-methylimidazolium ethyl sulfate,298.16,99253.0
7.122059881629142,7.121940035868118,7.126812029942822,1-ethyl-3-methylimidazolium ethyl sulfate,313.15,20000.0
7.107916753904423,7.107870835841314,7.117824973077738,1-ethyl-3-methylimidazolium ethyl sulfate,308.15,101.325
7.1957123136283485,7.199466150551145,7.195333736291211,1-ethyl-3-methylimidazolium ethyl sulfate,325.65,101.325
7.118745274123777,7.118266288689274,7.116814192207319,1-ethyl-3-methylimidazolium tetrafluoroborate,311.72,50382.0
7.319931152781743,7.32016611626208,7.314236252222697,1-ethyl-3-methylimidazolium hexafluorophosphate,392.9,200000.0
7.154537228861746,7.154653568277193,7.1544968746349165,1-ethyl-3-methylimidazolium methylsulfate,333.15,7500.0
7.154537228861746,7.154640860248558,7.154483004195498,1-ethyl-3-methylimidazolium ethyl sulfate,363.15,45000.0
6.9926477460001,6.993968608819595,6.998040127508997,1-ethyl-3-methylimidazolium ethyl sulfate,353.15,24990.0
7.1091438984933175,7.110309451236227,7.101599718839398,1-ethyl-3-methylimidazolium bis[(trifluoromethyl)sulfonyl]imide,313.16,89994.0
7.112009545775641,7.111725955181544,7.121738614027913,1-ethyl-3-methylimidazolium tetrafluoroborate,303.15,15000.0
7.115988217560592,7.111450457881632,7.120695271767114,1-ethyl-3-methylimidazolium ethyl sulfate,333.15,25000.0
7.058328137461511,7.061211601774223,7.069876572475422,1-ethyl-3-methylimidazolium tetrafluoroborate,313.2,80000.0
7.157190164250415,7.15751734132373,7.157369963020351,1-ethyl-3-methylimidazolium trifluoromethanesulfonate,291.917,41361.0
7.163946684342547,7.159142698260122,7.152870223850657,1-ethyl-3-methylimidazolium ethyl sulfate,393.14,99376.0
7.113321245755551,7.113038570243626,7.123061631901818,1-ethyl-3-methylimidazolium tetrafluoroborate,326.257,1166.5
7.220300681158608,7.221101044761073,7.214864191974616,1-ethyl-3-methylimidazolium methylsulfate,318.15,101.325
7.185992892605918,7.186286152929376,7.175019518559194,1-ethyl-3-methylimidazolium tetrafluoroborate,352.7,120000.0
7.319202458767849,7.318685600043442,7.312728025122474,1-ethyl-3-methylimidazolium tetrafluoroborate,308.15,2000.0
7.239214973779806,7.255218475373355,7.251017685284988,1-ethyl-3-methylimidazolium bis[(trifluoromethyl)sulfonyl]imide,328.15,101.325
7.102441740946222,7.102636649958107,7.112575970454114,1-ethyl-3-methylimidazolium bis[(trifluoromethyl)sulfonyl]imide,312.64,101.325
7.148345743900068,7.148718370393397,7.14256516290339,1-ethyl-3-methylimidazolium acetate,318.15,101.325
7.335718724099194,7.336037120760984,7.331106224981516,1-ethyl-3-methylimidazolium ethyl sulfate,413.15,10000.0
7.015622649851144,7.015715948691277,7.02426357227063,1-ethyl-3-methylimidazolium ethyl sulfate,298.16,120082.0
6.983511891381384,6.983736767003777,6.9924880660413065,1-ethyl-3-methylimidazolium thiocyanate,283.15,101.325
7.154490349100512,7.154346358445927,7.148425712395753,1-ethyl-3-methylimidazolium ethyl sulfate,313.15,10000.0
7.130906830264347,7.132223709330087,7.13317435705269,1-ethyl-3-methylimidazolium tetrafluoroborate,372.8,50000.0
7.101346428034322,7.101693968599354,7.105263657897918,1-ethyl-3-methylimidazolium ethyl sulfate,298.15,15000.0
7.131778443323355,7.124998865554007,7.135114416688303,1-ethyl-3-methylimidazolium thiocyanate,328.15,101.325
7.106474981585728,7.107149154192739,7.110302327893194,1-ethyl-3-methylimidazolium ethyl sulfate,293.15,1990.0
7.232154934369081,7.227747838592962,7.223933101258832,1-ethyl-3-methylimidazolium ethyl sulfate,333.15,30000.0
7.154771594707903,7.1534974653594485,7.153948048107257,1-ethyl-3-methylimidazolium tetrafluoroborate,301.15,101.0
7.223806125484361,7.224186674692192,7.217657801682003,1-ethyl-3-methylimidazolium tetrafluoroborate,333.15,101.325
7.133056500850146,7.126964877371564,7.135837488318638,1-ethyl-3-methylimidazolium methylsulfate,393.15,30000.0
7.2682230211595655,7.30132848724324,7.297166388403578,1-ethyl-3-methylimidazolium bis[(trifluoromethyl)sulfonyl]imide,293.15,30000.0
7.101923058059773,7.101693968599354,7.105263657897918,1-ethyl-3-methylimidazolium tetrafluoroborate,332.6,160000.0
7.104636987107422,7.104425879377378,7.107788794440417,1-ethyl-3-methylimidazolium methylsulfate,318.15,101.325
7.321188556739478,7.321296677578489,7.316229266919587,1-ethyl-3-methylimidazolium ethyl sulfate,333.15,25000.0
7.116394144093465,7.116563061431377,7.115132667612205,1-ethyl-3-methylimidazolium hexafluorophosphate,352.7,80000.0
7.217810202285643,7.217745753778075,7.2098384579509185,1-ethyl-3-methylimidazolium ethyl sulfate,355.15,101.325
7.244441778361732,7.244115501314497,7.235473122207086,1-ethyl-3-methylimidazolium ethyl sulfate,293.15,5000.0
7.115882649666127,7.115429186660909,7.1179162394686095,1-ethyl-3-methylimidazolium hexafluorophosphate,352.7,30000.0
7.325399256009168,7.325365093238044,7.319754047654257,1-ethyl-3-methylimidazolium methylsulfate,373.15,5000.0
7.125532457037622,7.126060120224449,7.135947299099593,1-ethyl-3-methylimidazolium ethyl sulfate,353.15,101.325
7.088967887787166,7.090837631781892,7.095280306579402,1-ethyl-3-methylimidazolium ethyl sulfate,333.15,15000.0
7.251203129339776,7.25247647762211,7.2659724248680355,1-ethyl-3-methylimidazolium tetrafluoroborate,353.15,101.325
7.136244516621099,7.134731796709755,7.131284286494662,1-ethyl-3-methylimidazolium ethyl sulfate,288.15,101.325
7.15796910181901,7.157562358255135,7.1574137902069115,1-ethyl-3-methylimidazolium ethyl sulfate,283.15,101.325
7.140453043101158,7.135101355226653,7.134231174203832,1-ethyl-3-methylimidazolium ethyl sulfate,324.15,101.325
7.163327297515685,7.1604363768264205,7.160273556479398,1-ethyl-3-methylimidazolium ethyl sulfate,414.95,1000.0
7.164024080728175,7.1630452077515745,7.153986412637371,1-ethyl-3-methylimidazolium acetate,348.15,101.325
6.989980219237807,6.988441375061833,6.993439795799486,1-ethyl-3-methylimidazolium ethyl sulfate,293.17,69997.0
7.308676747040429,7.3060754709746805,7.314952182926177,1-ethyl-3-methylimidazolium thiocyanate,298.1,101.325
7.154615356913663,7.154805145724909,7.150823313997207,1-ethyl-3-methylimidazolium hexafluorophosphate,352.7,40000.0
7.138819379764082,7.139032489259231,7.148761294536563,1-ethyl-3-methylimidazolium trifluoromethanesulfonate,292.62,61503.0
7.1364036509307915,7.137814249532355,7.137110740195912,1-ethyl-3-methylimidazolium ethyl sulfate,302.61,101.325
7.214504414151143,7.21490721844459,7.2092938019173,1-ethyl-3-methylimidazolium bis[(trifluoromethyl)sulfonyl]imide,333.15,3000.0
7.315883504509785,7.316382617508551,7.311126012778014,1-ethyl-3-methylimidazolium ethyl sulfate,433.15,50000.0
7.084226422097916,7.077344994621366,7.133013902321617,1-ethyl-3-methylimidazolium ethyl sulfate,333.15,101.325
7.092764886395379,7.093193992486929,7.101663946069443,1-ethyl-3-methylimidazolium acetate,363.15,101.325
7.107720270948687,7.108365988442041,7.1177128668107885,1-ethyl-3-methylimidazolium acetate,353.15,101.325
7.116150607947438,7.115988791943386,7.118429007885002,1-ethyl-3-methylimidazolium ethyl sulfate,338.15,25000.0
7.297158753542951,7.295434217337488,7.288197227876397,1-ethyl-3-methylimidazolium ethyl sulfate,343.15,101.325
7.238496840894365,7.239695986746564,7.231540644086202,1-ethyl-3-methylimidazolium ethyl sulfate,298.15,101.0
7.099036577147563,7.098969589818032,7.102742483573932,1-ethyl-3-methylimidazolium bis[(trifluoromethyl)sulfonyl]imide,293.15,10000.0
7.149053040876389,7.148918283950455,7.148669859452645,1-ethyl-3-methylimidazolium ethyl sulfate,320.15,101.325
7.309212365692763,7.30985480898539,7.306744992316761,1-ethyl-3-methylimidazolium tetrafluoroborate,333.15,10000.0
7.317345201667251,7.316456631253406,7.327543318532165,1-ethyl-3-methylimidazolium methylsulfate,305.15,101.325
7.293017679772782,7.3139627809487715,7.314584988488574,1-ethyl-3-methylimidazolium methanesulfonate,313.15,101.325
6.990808834117423,6.984647808471688,6.990221236020179,1-ethyl-3-methylimidazolium ethyl sulfate,298.15,2500.0
7.095893221097532,7.095709863103916,7.09972284520501,1-ethyl-3-methylimidazolium trifluoromethanesulfonate,303.15,25000.0
7.215975002651466,7.159142698260122,7.152870223850657,1-ethyl-3-methylimidazolium bis[(trifluoromethyl)sulfonyl]imide,353.15,101.325
7.105884565981605,7.107160644265492,7.110382235027055,1-ethyl-3-methylimidazolium ethyl sulfate,293.15,5000.0
7.144249314664485,7.144032858050329,7.147903092148237,1-ethyl-3-methylimidazolium ethyl sulfate,298.15,101.325
7.125122177518892,7.1253007048082075,7.131175567893106,1-ethyl-3-methylimidazolium bis[(trifluoromethyl)sulfonyl]imide,353.0,101.325
7.232660879231885,7.232564040292804,7.221842436655149,1-ethyl-3-methylimidazolium ethyl sulfate,316.15,101.325
7.106483179348558,7.107165616529646,7.110317510102115,1-ethyl-3-methylimidazolium bis[(trifluoromethyl)sulfonyl]imide,332.58,101.325
7.315351448099255,7.314595497613153,7.321270042617449,1-ethyl-3-methylimidazolium ethyl sulfate,323.15,25000.0
7.13289683295902,7.284994987781059,7.249072380960844,1-ethyl-3-methylimidazolium ethyl sulfate,391.39,101.325
7.20370309585095,7.202551041923386,7.1981192435881125,1-ethyl-3-methylimidazolium methylsulfate,329.15,101.325
7.106606137727303,7.1073936210092175,7.109967645934487,1-ethyl-3-methylimidazolium trifluoromethanesulfonate,393.15,1000.0
7.0015188087943,7.001782756041966,6.999691582471734,1-ethyl-3-methylimidazolium acetate,313.15,101.325
7.150701457592526,7.148918283950455,7.148669859452645,1-ethyl-3-methylimidazolium ethyl sulfate,298.15,101.325
7.013465733404251,7.014094507350243,7.010300009548511,1-ethyl-3-methylimidazolium trifluoromethanesulfonate,306.751,10122.0
7.1471658027602185,7.147427949919399,7.145743500332496,1-ethyl-3-methylimidazolium bis[(trifluoromethyl)sulfonyl]imide,333.15,10000.0
7.1772479222337076,7.177357066294413,7.166524478678848,1-ethyl-3-methylimidazolium trifluoromethanesulfonate,353.15,5000.0
7.057639728519429,7.058819460951933,7.065753873415071,1-ethyl-3-methylimidazolium trifluoromethanesulfonate,328.15,101.325
7.123672785204607,7.120991972754649,7.123001440179286,1-ethyl-3-methylimidazolium ethyl sulfate,329.15,101.325
7.231214642809439,7.231477337036787,7.2320261855555215,1-ethyl-3-methylimidazolium tetrafluoroborate,323.15,50000.0
7.169426996001687,7.16920804356953,7.165706689765405,1-ethyl-3-methylimidazolium ethyl sulfate,353.15,101.325
7.093745099462516,7.094839850921566,7.104028584814361,1-ethyl-3-methylimidazolium thiocyanate,298.15,100.0
7.108571418412256,7.106089885477077,7.11713225139328,1-ethyl-3-methylimidazolium ethyl sulfate,391.39,10000.0
7.135687347028144,7.139350512022501,7.146226827391053,1-ethyl-3-methylimidazolium ethyl sulfate,345.65,35000.0
7.133455559078037,7.1297671906677005,7.12850551614842,1-ethyl-3-methylimidazolium acetate,328.15,101.0
7.280008252884188,7.309752941545896,7.3072828683614075,1-ethyl-3-methylimidazolium thiocyanate,313.15,101.325
7.13385445812198,7.133004871614243,7.142891524894348,1-ethyl-3-methylimidazolium tetrafluoroborate,313.15,10000.0
7.224826236327706,7.224195618536476,7.217650797464488,1-ethyl-3-methylimidazolium trifluoromethanesulfonate,348.15,101.0
7.115338392178291,7.114985582253664,7.122223100504991,1-ethyl-3-methylimidazolium tetrafluoroborate,319.239,1155.6
7.305860032684009,7.305397300310184,7.298696554018568,1-ethyl-3-methylimidazolium tetrafluoroborate,313.15,25000.0
7.286191714702382,7.309740021468834,7.314407530286142,1-ethyl-3-methylimidazolium tetrafluoroborate,293.15,101.325
7.189846753120674,7.190243213652072,7.191783101829017,1-ethyl-3-methylimidazolium ethyl sulfate,413.17,49998.0
7.119635638017636,7.119245615371587,7.128880793865116,1-ethyl-3-methylimidazolium ethyl sulfate,313.15,100.0
7.020208581253186,7.021132615756735,7.024878262209061,1-ethyl-3-methylimidazolium ethyl sulfate,293.15,30000.0
7.109029428692779,7.10853851195428,7.111583090647118,1-ethyl-3-methylimidazolium ethyl sulfate,343.15,35000.0
7.1347314763165235,7.127690435412183,7.137826201359978,1-ethyl-3-methylimidazolium ethyl sulfate,335.65,100.0
7.371489295214277,7.3620166678549674,7.370727842363117,1-ethyl-3-methylimidazolium acetate,333.15,101.325
7.150858308035951,7.152694050214227,7.146742711845373,1-ethyl-3-methylimidazolium ethyl sulfate,333.15,35000.0
7.303708626717706,7.3021145237308565,7.29518763978636,1-ethyl-3-methylimidazolium acetate,343.15,101.325
7.0726763210959245,7.0708440927317735,7.080322615493329,1-ethyl-3-methylimidazolium bis[(trifluoromethyl)sulfonyl]imide,373.14,60448.0
7.1049654482698426,7.105652966507296,7.114950130788368,1-ethyl-3-methylimidazolium tetrafluoroborate,328.15,101.325
7.085901464365611,7.08480382981432,7.091181780350797,1-ethyl-3-methylimidazolium trifluoromethanesulfonate,393.15,3000.0
7.227880339923286,7.2272235586712705,7.220373850793922,1-ethyl-3-methylimidazolium ethyl sulfate,373.15,20010.0
7.1308988302963465,7.131333133654851,7.129905725684101,1-ethyl-3-methylimidazolium ethyl sulfate,353.13,19599.0
7.120201820748012,7.120991972754649,7.123001440179286,1-ethyl-3-methylimidazolium ethyl sulfate,391.41,20000.0
7.132186001535899,7.132308228978335,7.142028287186397,1-ethyl-3-methylimidazolium ethyl sulfate,298.15,100.0
7.31741159170877,7.318740727801154,7.312725423797218,1-ethyl-3-methylimidazolium methylsulfate,283.15,101.325
7.1994542727918525,7.199453228620583,7.195338138309628,1-ethyl-3-methylimidazolium trifluoromethanesulfonate,298.15,101.325
7.074116816197362,7.06158531971013,7.068744191151841,1-ethyl-3-methylimidazolium trifluoromethanesulfonate,393.15,7500.0
7.1204443723924875,7.12010587000457,7.1266420881851325,1-ethyl-3-methylimidazolium ethyl sulfate,353.15,20000.0
7.312953684861757,7.315423306270762,7.309212940477908,1-ethyl-3-methylimidazolium tetrafluoroborate,308.15,101.3
7.232444077063014,7.233489333306069,7.225994995626869,1-ethyl-3-methylimidazolium bis[(trifluoromethyl)sulfonyl]imide,333.15,101.325
7.142345071420595,7.142200671259494,7.137077417473656,1-ethyl-3-methylimidazolium ethyl sulfate,313.15,109873.0
7.1314666690454045,7.13161955481342,7.141488838524938,1-ethyl-3-methylimidazolium tetrafluoroborate,328.4,101.325
7.354298348848148,7.3531432158673145,7.366176256724621,1-ethyl-3-methylimidazolium ethyl sulfate,313.15,129874.0
7.201841799106912,7.203529202573998,7.197730172970913,1-ethyl-3-methylimidazolium bis[(trifluoromethyl)sulfonyl]imide,443.15,101.325
7.374629015218945,7.352521262898342,7.354456590879873,1-ethyl-3-methylimidazolium bis[(trifluoromethyl)sulfonyl]imide,339.0,101.325
7.154537228861746,7.154624773004076,7.154467862428519,1-ethyl-3-methylimidazolium tetrafluoroborate,293.15,40000.0
7.1631723908466425,7.163458916574919,7.1569472930359925,1-ethyl-3-methylimidazolium bis[(trifluoromethyl)sulfonyl]imide,414.92,5000.0
6.998235632110512,6.999576710653598,7.002698867270766,1-ethyl-3-methylimidazolium bis[(trifluoromethyl)sulfonyl]imide,353.19,29997.0
7.326268225939559,7.328672398744177,7.323269122035123,1-ethyl-3-methylimidazolium bis[(trifluoromethyl)sulfonyl]imide,352.31,10000.0
7.312553498102598,7.3121021526339325,7.3057023872575835,1-ethyl-3-methylimidazolium trifluoromethanesulfonate,333.15,101.0
7.161466831862764,7.154624773004076,7.154467862428519,1-ethyl-3-methylimidazolium tetrafluoroborate,298.15,4000.0
7.298445101508147,7.302214589819877,7.2952926302743055,1-ethyl-3-methylimidazolium ethyl sulfate,333.12,19852.0
6.96659006470303,6.967073222392318,6.975272315795383,1-ethyl-3-methylimidazolium tetrafluoroborate,323.15,8000.0
7.157657599597038,7.15751734132373,7.157369963020351,1-ethyl-3-methylimidazolium tetrafluoroborate,293.15,101.325
7.27931883541462,7.299578200068823,7.297149054048627,1-ethyl-3-methylimidazolium tetrafluoroborate,352.7,110000.0
7.069874128458572,7.069295987157888,7.077461058875473,1-ethyl-3-methylimidazolium ethyl sulfate,323.15,2500.0
7.222054939338188,7.224164665807085,7.2176229422286475,1-ethyl-3-methylimidazolium tetrafluoroborate,323.15,40000.0
7.2909747781429814,7.291307074504406,7.290591346529516,1-ethyl-3-methylimidazolium ethyl sulfate,373.15,101.325
7.124880757970784,7.124714104026297,7.134514053107247,1-ethyl-3-methylimidazolium tetrafluoroborate,308.15,101.0
7.374001859350161,7.373898717335821,7.379920226885167,1-ethyl-3-methylimidazolium ethyl sulfate,313.15,25000.0
7.358830898342354,7.334695932910592,7.336288133756553,1-ethyl-3-methylimidazolium bis[(trifluoromethyl)sulfonyl]imide,333.15,101.325
7.295735072749282,7.295434217337488,7.288197227876397,1-ethyl-3-methylimidazolium ethyl sulfate,333.15,20000.0
7.158903026705945,7.161746348489268,7.154606701017793,1-ethyl-3-methylimidazolium ethyl sulfate,308.15,30000.0
7.174111564719166,7.17487893482089,7.183009968833313,1-ethyl-3-methylimidazolium ethyl sulfate,298.16,139020.0
7.1363240869414115,7.136492956660116,7.148458569540129,1-ethyl-3-methylimidazolium tetrafluoroborate,288.15,101.325
7.128976984733648,7.129391732495313,7.130683023626516,1-ethyl-3-methylimidazolium acetate,328.15,101.325
7.154224655599844,7.151758485067492,7.15156768432624,1-ethyl-3-methylimidazolium methanesulfonate,363.15,101.325
7.16649760753621,7.166658228007294,7.157528375534564,1-ethyl-3-methylimidazolium ethyl sulfate,343.15,24990.0
7.09004350188719,7.090838703618819,7.0952065774497,1-ethyl-3-methylimidazolium ethyl sulfate,293.15,20000.0
7.077329262953589,7.076631512486224,7.0851712432632565,1-ethyl-3-methylimidazolium bis[(trifluoromethyl)sulfonyl]imide,343.15,30000.0
7.216268861013851,7.216736772764706,7.219717279329596,1-ethyl-3-methylimidazolium ethyl sulfate,333.15,25000.0
7.128544059999669,7.129152883604302,7.138213332737004,1-ethyl-3-methylimidazolium bis[(trifluoromethyl)sulfonyl]imide,302.98,101.325
7.154693478862064,7.154305035470112,7.1492105905906325,1-ethyl-3-methylimidazolium ethyl sulfate,298.15,101.0
7.200723355863156,7.199459967993877,7.195328155032097,1-ethyl-3-methylimidazolium acetate,293.15,101.325
6.968878599956884,6.969683410485776,6.977533421597321,1-ethyl-3-methylimidazolium bis[(trifluoromethyl)sulfonyl]imide,313.15,3000.0
7.111838327557605,7.111926035972828,7.1095254806046455,1-ethyl-3-methylimidazolium methanesulfonate,318.15,101.325
7.082296648457129,7.083686361695779,7.096465440850537,1-ethyl-3-methylimidazolium trifluoromethanesulfonate,303.15,5000.0
7.142906449420623,7.143315335060737,7.142882997303949,1-ethyl-3-methylimidazolium hexafluorophosphate,392.9,160000.0
7.069108529339895,7.06967042199837,7.079810375047522,1-ethyl-3-methylimidazolium bis[(trifluoromethyl)sulfonyl]imide,303.0,101.325
7.116337324297433,7.1167441803911915,7.12584277822124,1-ethyl-3-methylimidazolium trifluoromethanesulfonate,298.15,101.325
7.127051438567453,7.126581920862562,7.128081696135372,1-ethyl-3-methylimidazolium ethyl sulfate,303.15,101.325
7.114297792438844,7.115434725497386,7.1179213159772905,1-ethyl-3-methylimidazolium ethyl sulfate,295.65,20000.0
7.224243443275587,7.223628225626666,7.215772696589288,1-ethyl-3-methylimidazolium trifluoromethanesulfonate,299.543,20406.0
7.226703433307917,7.227291690140423,7.2204350769649315,1-ethyl-3-methylimidazolium hexafluorophosphate,312.8,180000.0
7.124397743953987,7.123784820949777,7.125543646635761,1-ethyl-3-methylimidazolium trifluoromethanesulfonate,308.15,101.325
7.113711978873526,7.114036464118159,7.123290913186845,1-ethyl-3-methylimidazolium methanesulfonate,308.15,101.325
7.1284959456800365,7.127205083478308,7.125726925623601,1-ethyl-3-methylimidazolium bis[(trifluoromethyl)sulfonyl]imide,353.15,25000.0
7.3277805384216315,7.328771570495387,7.323374573805763,1-ethyl-3-methylimidazolium bis[(trifluoromethyl)sulfonyl]imide,293.17,79912.0
7.163791873598372,7.165188943945624,7.161750451585806,1-ethyl-3-methylimidazolium bis[(trifluoromethyl)sulfonyl]imide,393.15,1000.0
6.992739602887134,6.991196104979054,6.995749039200669,1-ethyl-3-methylimidazolium hexafluorophosphate,392.9,130000.0
7.083891076689006,7.082643026550224,7.090527427825239,1-ethyl-3-methylimidazolium ethyl sulfate,323.15,35000.0
7.254177846456518,7.233595810206801,7.229729454068896,1-ethyl-3-methylimidazolium tetrafluoroborate,298.147,39935.0
7.1035687426243905,7.104424807182231,7.107804991525349,1-ethyl-3-methylimidazolium ethyl sulfate,335.65,20000.0
7.24658188475709,7.245913656990747,7.237068754129611,1-ethyl-3-methylimidazolium ethyl sulfate,325.65,30000.0
7.220373836723949,7.221778470126595,7.21769986056871,1-ethyl-3-methylimidazolium trifluoromethanesulfonate,393.15,4000.0
7.3154179706337885,7.314932015141095,7.308693244045806,1-ethyl-3-methylimidazolium methanesulfonate,323.15,101.325
7.11598009734898,7.115673924873166,7.125717725454429,1-ethyl-3-methylimidazolium bis[(trifluoromethyl)sulfonyl]imide,313.15,101.325
7.266827347520591,7.269020581031399,7.267346418057666,1-ethyl-3-methylimidazolium ethyl sulfate,333.13,9972.0
7.106606137727303,7.109913474253397,7.112849422756871,1-ethyl-3-methylimidazolium tetrafluoroborate,432.9,150000.0
7.001973954221119,7.0019777499738565,7.0084858462710224,1-ethyl-3-methylimidazolium trifluoromethanesulfonate,343.14,101.325
7.093155425385689,7.0930010190113455,7.097211740440315,1-ethyl-3-methylimidazolium trifluoromethanesulfonate,353.15,25000.0
6.993382364949574,6.993970356296484,6.998066466811097,1-ethyl-3-methylimidazolium tetrafluoroborate,472.4,160000.0
7.197435354096591,7.197080008713166,7.184637543674542,1-ethyl-3-methylimidazolium methylsulfate,300.15,101.325
7.220520131801381,7.220955784256589,7.213629516744526,1-ethyl-3-methylimidazolium tetrafluoroborate,308.15,101.325
7.3559605407664606,7.356211878619064,7.349255650536103,1-ethyl-3-methylimidazolium ethyl sulfate,328.15,2500.0
7.119878327012882,7.119199503008559,7.12906321439338,1-ethyl-3-methylimidazolium ethyl sulfate,333.15,5000.0
7.322120661877021,7.322054596649896,7.31623930392085,1-ethyl-3-methylimidazolium thiocyanate,353.15,101.325
7.121252453244542,7.120991972754649,7.123001440179286,1-ethyl-3-methylimidazolium ethyl sulfate,323.15,10000.0
7.098375638590786,7.098441543725705,7.107009762265225,1-ethyl-3-methylimidazolium thiocyanate,298.154,10052.0
7.256650035601907,7.2549066634672466,7.246832787045308,1-ethyl-3-methylimidazolium ethyl sulfate,298.15,101.325
7.092407451114374,7.092088619450833,7.101465168296701,1-ethyl-3-methylimidazolium trifluoromethanesulfonate,298.15,101.325
7.151720545988645,7.151758485067492,7.15156768432624,1-ethyl-3-methylimidazolium trifluoromethanesulfonate,271.029,50199.0
7.322576482014326,7.322054596649896,7.31623930392085,1-ethyl-3-methylimidazolium thiocyanate,303.15,101.325
7.154068332322989,7.154364261137465,7.150718743796757,1-ethyl-3-methylimidazolium hexafluorophosphate,412.9,160000.0
7.144486103804862,7.1449756681276435,7.136074323265379,1-ethyl-3-methylimidazolium acetate,303.15,101.0
7.111397917479776,7.111049731538003,7.120962939195441,1-ethyl-3-methylimidazolium ethyl sulfate,330.65,2500.0
7.105457937814394,7.103718400472149,7.112812832257552,1-ethyl-3-methylimidazolium tetrafluoroborate,332.6,180000.0
6.98804411021094,6.982982141593623,6.988814915900366,1-ethyl-3-methylimidazolium bis[(trifluoromethyl)sulfonyl]imide,323.15,101.325
7.122221289102659,7.124495340599567,7.122766818255726,1-ethyl-3-methylimidazolium tetrafluoroborate,352.7,50000.0
7.147795277956077,7.14537484653981,7.140216681266984,1-ethyl-3-methylimidazolium hexafluorophosphate,372.8,30000.0
7.288791073167126,7.288734807709267,7.281227312679486,1-ethyl-3-methylimidazolium ethyl sulfate,293.156,96.0
7.0623629972085755,7.062454789494732,7.069655940495265,1-ethyl-3-methylimidazolium bis[(trifluoromethyl)sulfonyl]imide,288.15,101.325
7.01920720427628,7.01902826634194,7.013920546678454,1-ethyl-3-methylimidazolium tetrafluoroborate,303.15,20000.0
7.151720545988645,7.151758485067492,7.15156768432624,1-ethyl-3-methylimidazolium methylsulfate,293.15,101.325
7.324292201057351,7.324282194849411,7.329528729318461,1-ethyl-3-methylimidazolium tetrafluoroborate,298.146,20203.0
7.118907217443969,7.118764605303926,7.120968596085905,1-ethyl-3-methylimidazolium bis[(trifluoromethyl)sulfonyl]imide,298.15,101.325
7.138470095792665,7.137902749760005,7.138261201967589,1-ethyl-3-methylimidazolium tetrafluoroborate,333.15,5000.0
7.124478262493424,7.123784820949777,7.125543646635761,1-ethyl-3-methylimidazolium trifluoromethanesulfonate,333.15,101.325
7.118631898193366,7.118208704063934,7.120460538015358,1-ethyl-3-methylimidazolium trifluoromethanesulfonate,313.15,101.325
7.253045664054231,7.256966074208283,7.241329022626554,1-ethyl-3-methylimidazolium trifluoromethanesulfonate,293.15,30000.0
7.141482623835992,7.14159753066752,7.1508339808179535,1-ethyl-3-methylimidazolium ethyl sulfate,433.15,2000.0
7.148424357162165,7.148918283950455,7.148669859452645,1-ethyl-3-methylimidazolium ethyl sulfate,330.65,20000.0
7.315949991661167,7.315423306270762,7.309212940477908,1-ethyl-3-methylimidazolium ethyl sulfate,313.14,60122.0
7.328680264952344,7.328672398744177,7.323269122035123,1-ethyl-3-methylimidazolium tetrafluoroborate,304.62,29983.0
7.136586624085958,7.136442068366647,7.131662950312887,1-ethyl-3-methylimidazolium ethyl sulfate,320.65,15000.0
7.142352980341463,7.140552167982388,7.139994826135837,1-ethyl-3-methylimidazolium ethyl sulfate,373.15,40000.0
7.088241819830362,7.088141513378905,7.092705099035184,1-ethyl-3-methylimidazolium ethyl sulfate,303.15,101.325
7.123672785204607,7.125019131168408,7.123797623646805,1-ethyl-3-methylimidazolium trifluoromethanesulfonate,323.15,15000.0
7.1100428484169695,7.109913474253397,7.112849422756871,1-ethyl-3-methylimidazolium tetrafluoroborate,313.15,30000.0
7.084586793032453,7.085450388664644,7.090209509511171,1-ethyl-3-methylimidazolium ethyl sulfate,298.15,25000.0
7.1564106194650705,7.154850978652598,7.148064407133609,1-ethyl-3-methylimidazolium acetate,293.15,101.325
7.133008603159604,7.134014170454898,7.142727367763096,1-ethyl-3-methylimidazolium trifluoromethanesulfonate,353.15,101.0
7.152112226695544,7.150883054278744,7.144509414622249,1-ethyl-3-methylimidazolium ethyl sulfate,293.15,35000.0
7.305188215393037,7.304663123179503,7.3036939182002305,1-ethyl-3-methylimidazolium ethyl sulfate,308.15,101.325
7.1572680853164155,7.157386927568543,7.14818311831349,1-ethyl-3-methylimidazolium ethyl sulfate,433.15,24990.0
7.1474805898880245,7.1458813314042215,7.140528360778,1-ethyl-3-methylimidazolium ethyl sulfate,335.65,10000.0
7.223733220588765,7.214433221095468,7.219397334619113,1-ethyl-3-methylimidazolium ethyl sulfate,333.15,5000.0
7.112082916038706,7.111450457881632,7.120695271767114,1-ethyl-3-methylimidazolium tetrafluoroborate,432.9,180000.0
7.329093736246592,7.328614048505382,7.323268163773526,1-ethyl-3-methylimidazolium ethyl sulfate,285.65,35000.0
7.124156149428954,7.122952892266953,7.132715881249545,1-ethyl-3-methylimidazolium trifluoromethanesulfonate,303.15,101.325
7.326465613840322,7.325398181789683,7.319789197649,1-ethyl-3-methylimidazolium ethyl sulfate,293.15,5000.0
7.316548177182976,7.335403537486202,7.336950837869092,1-ethyl-3-methylimidazolium acetate,343.15,101.325
7.151720545988645,7.151758485067492,7.15156768432624,1-ethyl-3-methylimidazolium ethyl sulfate,288.15,25000.0
7.160146904655332,7.159014224470755,7.15084237946854,1-ethyl-3-methylimidazolium ethyl sulfate,413.15,20010.0
7.13966033596492,7.120539402871176,7.12701853389021,1-ethyl-3-methylimidazolium bis[(trifluoromethyl)sulfonyl]imide,293.0,101.325
6.980540948707785,6.98028981165677,6.986536531785888,1-ethyl-3-methylimidazolium ethyl sulfate,333.15,20000.0
7.163791873598372,7.157273879005225,7.148454923665834,1-ethyl-3-methylimidazolium ethyl sulfate,325.65,15000.0
7.1282874235398435,7.128787469975929,7.138790700423951,1-ethyl-3-methylimidazolium ethyl sulfate,323.15,20000.0
7.258412150595307,7.2629092450430415,7.261657008719179,1-ethyl-3-methylimidazolium trifluoromethanesulfonate,293.15,101.325
7.140532279264585,7.14331661562903,7.142884265393227,1-ethyl-3-methylimidazolium hexafluorophosphate,452.5,110000.0
7.144170372489587,7.1406207503164,7.140063621424705,1-ethyl-3-methylimidazolium acetate,308.15,101.0
6.99117688712121,6.991194325416386,6.995722343114493,1-ethyl-3-methylimidazolium bis[(trifluoromethyl)sulfonyl]imide,283.2,40033.0
7.152425460840627,7.1529180254403455,7.152742843070855,1-ethyl-3-methylimidazolium thiocyanate,333.15,101.325
7.132401700421093,7.132271803567423,7.127733613710057,1-ethyl-3-methylimidazolium hexafluorophosphate,452.5,160000.0
7.112327444710911,7.1113258274260795,7.120814507714466,1-ethyl-3-methylimidazolium ethyl sulfate,348.15,100.0
7.31165249191814,7.3120892118002745,7.305703596964888,1-ethyl-3-methylimidazolium ethyl sulfate,334.15,101.325
7.090143500220635,7.091750675296783,7.100119206847936,1-ethyl-3-methylimidazolium ethyl sulfate,313.15,5000.0
7.076484882256625,7.0704148272302065,7.076302329686995,1-ethyl-3-methylimidazolium tetrafluoroborate,303.2,101.325
7.1618547144167914,7.151758485067492,7.15156768432624,1-ethyl-3-methylimidazolium tetrafluoroborate,308.15,6000.0
7.317212408359839,7.315423306270762,7.309212940477908,1-ethyl-3-methylimidazolium methylsulfate,360.15,101.325
7.126408765023482,7.126964877371564,7.135837488318638,1-ethyl-3-methylimidazolium bis[(trifluoromethyl)sulfonyl]imide,298.15,101.0
7.018312269546781,7.017915192807876,7.017555180077485,1-ethyl-3-methylimidazolium methylsulfate,298.15,101.325
7.108898590016679,7.109907946474862,7.1129126343477385,1-ethyl-3-methylimidazolium thiocyanate,324.821,29717.0
7.096886927704641,7.096252448687639,7.100225655442461,1-ethyl-3-methylimidazolium trifluoromethanesulfonate,264.143,39698.0
7.135050201418823,7.128289643887061,7.138020197501294,1-ethyl-3-methylimidazolium tetrafluoroborate,348.15,101.325
7.312012991815228,7.3121021526339325,7.3057023872575835,1-ethyl-3-methylimidazolium bis[(trifluoromethyl)sulfonyl]imide,313.15,1000.0
7.1035687426243905,7.10238174960086,7.111335536636619,1-ethyl-3-methylimidazolium hexafluorophosphate,452.5,190000.0
7.1165564685804705,7.116480218235805,7.126236205046762,1-ethyl-3-methylimidazolium bis[(trifluoromethyl)sulfonyl]imide,303.15,15000.0
7.301822342137932,7.301706070128513,7.303024590568456,1-ethyl-3-methylimidazolium hexafluorophosphate,392.9,190000.0
7.12624803208092,7.126579234481814,7.12814085945769,1-ethyl-3-methylimidazolium bis[(trifluoromethyl)sulfonyl]imide,373.32,101.325
7.164720378771857,7.1650946536395,7.154268621722822,1-ethyl-3-methylimidazolium methylsulfate,333.15,30000.0
7.229548881062685,7.236550949279766,7.228792353233128,1-ethyl-3-methylimidazolium trifluoromethanesulfonate,271.038,40035.0
7.134572075662643,7.135075284741736,7.134202651013104,1-ethyl-3-methylimidazolium ethyl sulfate,433.15,20010.0
7.023758954738443,7.051388961005807,7.0395744421329765,1-ethyl-3-methylimidazolium ethyl sulfate,293.46,10000.0
7.1180162044653335,7.110160672144854,7.111710050903267,1-ethyl-3-methylimidazolium ethyl sulfate,298.15,100.0
7.169811803794945,7.172077543373069,7.163506872154062,1-ethyl-3-methylimidazolium ethyl sulfate,414.95,101.325
7.130314659701925,7.131184210071674,7.139966489467258,1-ethyl-3-methylimidazolium ethyl sulfate,305.65,35000.0
7.2194223966843785,7.219206271099589,7.2098725345389445,1-ethyl-3-methylimidazolium bis[(trifluoromethyl)sulfonyl]imide,323.15,3000.0
6.999331222469347,6.999318045873134,7.0061734856384925,1-ethyl-3-methylimidazolium ethyl sulfate,298.15,35000.0
7.129281523159936,7.129153096114849,7.124792339680679,1-ethyl-3-methylimidazolium thiocyanate,328.15,600.0
7.01427512235981,7.013955431174733,7.014464780883855,1-ethyl-3-methylimidazolium ethyl sulfate,288.15,35000.0
7.112979228993396,7.113129891562882,7.122061969223188,1-ethyl-3-methylimidazolium tetrafluoroborate,338.22,101.325
7.311886164077165,7.312521005102935,7.307427523996536,1-ethyl-3-methylimidazolium ethyl sulfate,303.15,2500.0
7.112082916038706,7.1126439020648915,7.115634245953142,1-ethyl-3-methylimidazolium ethyl sulfate,293.15,49964.0
7.183263550502209,7.183434563817327,7.172574574649822,1-ethyl-3-methylimidazolium ethyl sulfate,373.15,2000.0
7.163559612535895,7.163466198604166,7.1637537721388105,1-ethyl-3-methylimidazolium bis[(trifluoromethyl)sulfonyl]imide,298.15,101.325
7.227662498728654,7.235705966307365,7.2311675463949525,1-ethyl-3-methylimidazolium ethyl sulfate,298.15,20000.0
6.998692273974239,6.999578413370304,7.00272448931496,1-ethyl-3-methylimidazolium methylsulfate,313.15,101.325
7.107998610410014,7.104425879377378,7.107788794440417,1-ethyl-3-methylimidazolium tetrafluoroborate,392.9,70000.0
7.0092282479127705,7.006398178934196,7.007743527285602,1-ethyl-3-methylimidazolium ethyl sulfate,298.1,101.325
7.009408932708637,7.0100698723057215,7.015469841680536,1-ethyl-3-methylimidazolium ethyl sulfate,343.15,15000.0
7.211113830818926,7.211048837225612,7.20417311124387,1-ethyl-3-methylimidazolium ethyl sulfate,328.15,15000.0
7.001427754844772,7.001833237013273,7.002050021823642,1-ethyl-3-methylimidazolium hexafluorophosphate,432.6,40000.0
7.12568526324346,7.125618053568076,7.1353621871451915,1-ethyl-3-methylimidazolium ethyl sulfate,313.16,79657.0
7.1671150344293295,7.166388541919297,7.1570838388633815,1-ethyl-3-methylimidazolium ethyl sulfate,298.16,10471.0
7.1233504125390175,7.123784820949777,7.125543646635761,1-ethyl-3-methylimidazolium ethyl sulfate,283.15,20000.0
7.126890808898808,7.126964877371564,7.135837488318638,1-ethyl-3-methylimidazolium tetrafluoroborate,303.15,101.325
7.204892510204673,7.20489267308194,7.198383796162194,1-ethyl-3-methylimidazolium trifluoromethanesulfonate,298.187,39944.0
7.080026499922591,7.079619922076371,7.08061544084328,1-ethyl-3-methylimidazolium bis[(trifluoromethyl)sulfonyl]imide,298.15,101.325
7.343814252174935,7.347926926824436,7.334773219229482,1-ethyl-3-methylimidazolium ethyl sulfate,290.65,30000.0
7.134093721192866,7.133107421466273,7.143283155301651,1-ethyl-3-methylimidazolium tetrafluoroborate,413.0,120000.0
7.162475013731091,7.16126348074789,7.153090776228248,1-ethyl-3-methylimidazolium tetrafluoroborate,298.15,101.325
7.149131598557407,7.15091779873382,7.143794166679058,1-ethyl-3-methylimidazolium tetrafluoroborate,332.6,110000.0
7.002792694316889,6.999610601786997,7.002726908757797,1-ethyl-3-methylimidazolium ethyl sulfate,353.19,4987.0
6.996635741476012,6.996764377407348,7.00039173216558,1-ethyl-3-methylimidazolium tetrafluoroborate,298.143,10219.0
7.142985491431494,7.14612047236596,7.14579097887346,1-ethyl-3-methylimidazolium bis[(trifluoromethyl)sulfonyl]imide,313.85,101.325
7.335633981927201,7.3416191328098845,7.37992120694553,1-ethyl-3-methylimidazolium ethyl sulfate,308.15,101.325
7.120848494442845,7.120991972754649,7.123001440179286,1-ethyl-3-methylimidazolium trifluoromethanesulfonate,298.15,101.0
7.146142059709041,7.14526454731827,7.141942667659087,1-ethyl-3-methylimidazolium ethyl sulfate,297.15,101.325
7.148424357162165,7.148918283950455,7.148669859452645,1-ethyl-3-methylimidazolium ethyl sulfate,335.65,25000.0
7.112245941797137,7.1125470848628325,7.121507234441197,1-ethyl-3-methylimidazolium ethyl sulfate,373.17,79962.0
7.322510433997394,7.321998380817809,7.316240718235864,1-ethyl-3-methylimidazolium ethyl sulfate,414.95,40000.0
7.102170083463475,7.101693968599354,7.105263657897918,1-ethyl-3-methylimidazolium thiocyanate,333.15,101.325
7.100274660752538,7.099703900420082,7.108785772509466,1-ethyl-3-methylimidazolium ethyl sulfate,298.15,10000.0
7.332114104721181,7.331976694876215,7.326783994471094,1-ethyl-3-methylimidazolium ethyl sulfate,293.15,14990.0
7.133295954896068,7.132506897606953,7.141689234269829,1-ethyl-3-methylimidazolium ethyl sulfate,303.15,15000.0
7.335503595330759,7.3352781636917905,7.3302981328723575,1-ethyl-3-methylimidazolium ethyl sulfate,325.65,35000.0
7.233238788660668,7.2283724038179855,7.2243411500206065,1-ethyl-3-methylimidazolium bis[(trifluoromethyl)sulfonyl]imide,336.0,101.325
7.211851892702013,7.212156798575813,7.215477216964113,1-ethyl-3-methylimidazolium ethyl sulfate,315.65,5000.0
7.295674012540505,7.295434217337488,7.288197227876397,1-ethyl-3-methylimidazolium ethyl sulfate,328.15,30000.0
7.114769448366463,7.104809059933387,7.108340201403337,1-ethyl-3-methylimidazolium thiocyanate,293.15,101.325
7.133447579473905,7.133313046478114,7.1287151778194575,1-ethyl-3-methylimidazolium tetrafluoroborate,318.15,10000.0
7.1308988302963465,7.148518599446551,7.142995192472193,1-ethyl-3-methylimidazolium ethyl sulfate,298.15,101.325
7.125637011174643,7.125523573303137,7.121368022241327,1-ethyl-3-methylimidazolium tetrafluoroborate,318.15,2000.0
7.129297548929373,7.15751734132373,7.157369963020351,1-ethyl-3-methylimidazolium ethyl sulfate,333.15,20000.0
7.171656822768514,7.171873841150359,7.166857095583319,1-ethyl-3-methylimidazolium acetate,318.15,101.325
7.134890851565884,7.133650548872498,7.143369736824419,1-ethyl-3-methylimidazolium ethyl sulfate,333.15,35000.0
6.969508675257619,6.969681136961547,6.977503922523657,1-ethyl-3-methylimidazolium hexafluorophosphate,432.6,20000.0
7.298445101508147,7.305379532759928,7.304358471132853,1-ethyl-3-methylimidazolium tetrafluoroborate,318.15,101.325
7.121365532472815,7.120991972754649,7.123001440179286,1-ethyl-3-methylimidazolium tetrafluoroborate,322.5,101.325
7.291656209174461,7.292269026526086,7.293887633925126,1-ethyl-3-methylimidazolium tetrafluoroborate,356.019,49918.0
7.111365286793876,7.112663689727342,7.115445846595708,1-ethyl-3-methylimidazolium tetrafluoroborate,313.2,70000.0
7.087740775978544,7.088095083488818,7.100394467618233,1-ethyl-3-methylimidazolium ethyl sulfate,313.14,101.325
7.099119163760321,7.098969589818032,7.102742483573932,1-ethyl-3-methylimidazolium ethyl sulfate,313.15,100.0
7.017470300004999,7.018336902952197,7.022516870019991,1-ethyl-3-methylimidazolium ethyl sulfate,288.15,15000.0
7.144407180321139,7.144077563161717,7.148275859665782,1-ethyl-3-methylimidazolium ethyl sulfate,313.15,30000.0
7.121026256420027,7.120991972754649,7.123001440179286,1-ethyl-3-methylimidazolium ethyl sulfate,308.15,101.325
7.101511213401754,7.097068556246932,7.10613528466187,1-ethyl-3-methylimidazolium ethyl sulfate,352.15,101.325
7.124317218930792,7.123790416441563,7.125548732104684,1-ethyl-3-methylimidazolium ethyl sulfate,293.16,101.325
7.1569563646156364,7.151774705623862,7.151583165934327,1-ethyl-3-methylimidazolium bis[(trifluoromethyl)sulfonyl]imide,313.15,39897.0
7.017506142941256,7.018336902952197,7.022516870019991,1-ethyl-3-methylimidazolium methylsulfate,326.15,101.325
7.117059507105979,7.118208704063934,7.120460538015358,1-ethyl-3-methylimidazolium methylsulfate,313.15,2500.0
7.108784092130676,7.109913474253397,7.112849422756871,1-ethyl-3-methylimidazolium trifluoromethanesulfonate,393.15,100.0
7.129682090368451,7.130151292775784,7.1402157892295435,1-ethyl-3-methylimidazolium hexafluorophosphate,332.7,120000.0
7.149131598557407,7.167197994766707,7.16027432639882,1-ethyl-3-methylimidazolium acetate,288.05,101.325
7.101923058059773,7.10151862754106,7.110034248827521,1-ethyl-3-methylimidazolium tetrafluoroborate,298.15,100.0
7.230635562083883,7.230389511172791,7.223216614376755,1-ethyl-3-methylimidazolium hexafluorophosphate,353.15,101.325
7.283928882454902,7.282014972308503,7.274282131694278,1-ethyl-3-methylimidazolium ethyl sulfate,393.16,29995.0
7.289269166267788,7.288734807709267,7.281227312679486,1-ethyl-3-methylimidazolium ethyl sulfate,290.65,101.325
7.13703993505311,7.140568974308404,7.1400116601789065,1-ethyl-3-methylimidazolium ethyl sulfate,433.15,45010.0
7.129858289121099,7.130096330249191,7.122839077815155,1-ethyl-3-methylimidazolium ethyl sulfate,293.14,3910.0
7.3537223303996315,7.357292686367795,7.379920405653432,1-ethyl-3-methylimidazolium methanesulfonate,333.15,101.325
7.148345743900068,7.147902900096004,7.14022132277945,1-ethyl-3-methylimidazolium acetate,303.15,101.325
7.341483852363161,7.340792609537567,7.328584033971824,1-ethyl-3-methylimidazolium thiocyanate,343.15,101.325
7.0992843165270045,7.100237846473175,7.109462656688864,1-ethyl-3-methylimidazolium ethyl sulfate,353.15,30000.0
7.220593271315036,7.220467217905293,7.224171356989841,1-ethyl-3-methylimidazolium methylsulfate,303.15,101.325
7.092407451114374,7.092293472070913,7.099347668560842,1-ethyl-3-methylimidazolium bis[(trifluoromethyl)sulfonyl]imide,333.15,101.325
7.146772179452637,7.1468546945925775,7.152210993383159,1-ethyl-3-methylimidazolium trifluoromethanesulfonate,342.99,101.325
7.152816865597278,7.152858160666712,7.14653169574142,1-ethyl-3-methylimidazolium methylsulfate,293.15,10000.0
7.091342700897325,7.091828336730391,7.100273488446656,1-ethyl-3-methylimidazolium methylsulfate,293.15,20000.0
7.1230682511811585,7.122952892266953,7.132715881249545,1-ethyl-3-methylimidazolium bis[(trifluoromethyl)sulfonyl]imide,293.15,101.325
7.2875606403097235,7.288087119631096,7.29148460557577,1-ethyl-3-methylimidazolium methylsulfate,298.15,101.325
7.089326554385387,7.089219645297619,7.09370500538762,1-ethyl-3-methylimidazolium ethyl sulfate,333.15,100.0
7.23164873339649,7.230841878519362,7.220968623651264,1-ethyl-3-methylimidazolium hexafluorophosphate,352.7,150000.0
7.294377299288821,7.295387092168505,7.288208135194854,1-ethyl-3-methylimidazolium ethyl sulfate,398.15,120000.0
7.106761863306363,7.106621927510677,7.115386148448201,1-ethyl-3-methylimidazolium ethyl sulfate,283.15,20000.0
7.124824418355568,7.125565436644039,7.134464642441311,1-ethyl-3-methylimidazolium tetrafluoroborate,298.15,101.325
7.301869542642312,7.302214589819877,7.2952926302743055,1-ethyl-3-methylimidazolium ethyl sulfate,328.15,101.325
7.305188215393037,7.305690350730037,7.302897516944101,1-ethyl-3-methylimidazolium ethyl sulfate,433.15,54990.0
7.1062782151140995,7.107164402003222,7.110333337160377,1-ethyl-3-methylimidazolium ethyl sulfate,292.49,101.325
7.131682523128883,7.132597512289402,7.1413461414546004,1-ethyl-3-methylimidazolium ethyl sulfate,293.15,35000.0
7.224534882257614,7.224195618536476,7.217650797464488,1-ethyl-3-methylimidazolium bis[(trifluoromethyl)sulfonyl]imide,303.15,101.325
7.007419602095083,7.007353403270616,7.0131343742392085,1-ethyl-3-methylimidazolium methylsulfate,342.22,101.325
7.1284959456800365,7.128626666116632,7.133772427114381,1-ethyl-3-methylimidazolium tetrafluoroborate,452.6,160000.0
7.11525713430639,7.11543312340262,7.1179360284117745,1-ethyl-3-methylimidazolium methylsulfate,303.15,101.0
7.124317218930792,7.123784820949777,7.125543646635761,1-ethyl-3-methylimidazolium ethyl sulfate,318.15,100.0
7.101675971619444,7.101693968599354,7.105263657897918,1-ethyl-3-methylimidazolium ethyl sulfate,293.15,101.325
7.326465613840322,7.326126049491799,7.3205625048256335,1-ethyl-3-methylimidazolium hexafluorophosphate,352.7,90000.0
7.129802229249141,7.1296723717801145,7.125282178308816,1-ethyl-3-methylimidazolium trifluoromethanesulfonate,303.15,10000.0
7.130322664344618,7.130191847769637,7.125772170454995,1-ethyl-3-methylimidazolium thiocyanate,343.15,101.325
7.103322062526113,7.1038051803961455,7.106799767401024,1-ethyl-3-methylimidazolium trifluoromethanesulfonate,314.641,40402.0
7.115208376413697,7.115114143706286,7.124867034703425,1-ethyl-3-methylimidazolium bis[(trifluoromethyl)sulfonyl]imide,303.15,25000.0
7.31455283232408,7.314908042063589,7.312135550311064,1-ethyl-3-methylimidazolium acetate,328.15,101.0
7.112164432240096,7.112669746241209,7.115384151346129,1-ethyl-3-methylimidazolium bis[(trifluoromethyl)sulfonyl]imide,393.15,10000.0
7.107015889833015,7.106734960107995,7.114391956713489,1-ethyl-3-methylimidazolium bis[(trifluoromethyl)sulfonyl]imide,391.29,101.325
7.091908490605062,7.090838703618819,7.0952065774497,1-ethyl-3-methylimidazolium tetrafluoroborate,355.847,20035.0
7.122939236610396,7.123784820949777,7.125543646635761,1-ethyl-3-methylimidazolium tetrafluoroborate,312.051,1111.5
6.999422467507961,6.991194325416386,6.995722343114493,1-ethyl-3-methylimidazolium ethyl sulfate,333.15,20000.0
7.012835755432644,7.012805777824968,7.0178123123559555,1-ethyl-3-methylimidazolium tetrafluoroborate,318.15,30000.0
7.22983877815125,7.229832715249569,7.227507282753632,1-ethyl-3-methylimidazolium acetate,313.15,101.0
7.013105794589963,7.013429661167731,7.022304217041368,1-ethyl-3-methylimidazolium bis[(trifluoromethyl)sulfonyl]imide,333.14,99911.0
7.118421308785234,7.118202267335058,7.127892253620479,1-ethyl-3-methylimidazolium methylsulfate,353.15,101.325
7.125476154127953,7.125184927341613,7.126815121943087,1-ethyl-3-methylimidazolium bis[(trifluoromethyl)sulfonyl]imide,313.15,15000.0
7.298512758218027,7.30353960598596,7.294667781319874,1-ethyl-3-methylimidazolium tetrafluoroborate,288.15,60000.0
7.311017963535101,7.308577456575441,7.301983901979359,1-ethyl-3-methylimidazolium tetrafluoroborate,432.9,140000.0
7.114769448366463,7.118208704063934,7.120460538015358,1-ethyl-3-methylimidazolium ethyl sulfate,298.15,101.325
7.120929299258856,7.120991972754649,7.123001440179286,1-ethyl-3-methylimidazolium trifluoromethanesulfonate,313.15,2000.0
7.365496531655673,7.365576738138299,7.354874312520538,1-ethyl-3-methylimidazolium ethyl sulfate,333.15,100.0
7.29641326877392,7.296678004706561,7.297179919281146,1-ethyl-3-methylimidazolium ethyl sulfate,283.15,101.325
7.325148957955575,7.323517841580959,7.322190452792891,1-ethyl-3-methylimidazolium ethyl sulfate,305.65,25000.0
7.124961237629593,7.124495340599567,7.122766818255726,1-ethyl-3-methylimidazolium ethyl sulfate,323.15,5000.0
7.118340301048951,7.118175449614375,7.122626867152119,1-ethyl-3-methylimidazolium bis[(trifluoromethyl)sulfonyl]imide,278.37,101.325
7.106474981585728,7.1073936210092175,7.109967645934487,1-ethyl-3-methylimidazolium bis[(trifluoromethyl)sulfonyl]imide,322.3,101.325
7.212810559491263,7.212597518526854,7.203930856481026,1-ethyl-3-methylimidazolium ethyl sulfate,298.15,25000.0
7.343102761572171,7.343277880573584,7.344394922129876,1-ethyl-3-methylimidazolium tetrafluoroborate,298.153,50710.0
7.160612960279738,7.160779635964337,7.151489886835616,1-ethyl-3-methylimidazolium bis[(trifluoromethyl)sulfonyl]imide,313.15,7500.0
7.160069207596127,7.162258282140019,7.153858138409434,1-ethyl-3-methylimidazolium tetrafluoroborate,288.15,101.0
7.094234845924755,7.082451109638196,7.090508841292217,1-ethyl-3-methylimidazolium tetrafluoroborate,293.1,101.0
7.327859378940443,7.328110374126443,7.322671558989171,1-ethyl-3-methylimidazolium methanesulfonate,328.0,101.325
7.080783788864499,7.080303911391665,7.087501314638094,1-ethyl-3-methylimidazolium ethyl sulfate,304.15,101.325
7.001973954221119,6.999578413370304,7.00272448931496,1-ethyl-3-methylimidazolium bis[(trifluoromethyl)sulfonyl]imide,298.18,90001.0
7.107834890697795,7.107714529028708,7.11082364908345,1-ethyl-3-methylimidazolium ethyl sulfate,293.15,15000.0
7.090410113566212,7.090838703618819,7.0952065774497,1-ethyl-3-methylimidazolium ethyl sulfate,303.15,1000.0
7.092349251881756,7.093493389498707,7.102678793485852,1-ethyl-3-methylimidazolium thiocyanate,339.87,39160.0
7.116881038528143,7.117659165140981,7.113081353582606,1-ethyl-3-methylimidazolium tetrafluoroborate,298.1,101.325
7.324463611169649,7.325351080835142,7.31975409588345,1-ethyl-3-methylimidazolium ethyl sulfate,298.15,101.325
7.105293801580952,7.101225059652941,7.110411926657316,1-ethyl-3-methylimidazolium ethyl sulfate,288.15,15000.0
7.080867896690782,7.071771400353928,7.081224664908084,1-ethyl-3-methylimidazolium ethyl sulfate,318.15,101.325
6.998326977166524,6.996764377407348,7.00039173216558,1-ethyl-3-methylimidazolium ethyl sulfate,353.15,40000.0
7.118664292628004,7.119245615371587,7.128880793865116,1-ethyl-3-methylimidazolium hexafluorophosphate,332.7,60000.0
7.2633296174768365,7.253289395422642,7.25063578855733,1-ethyl-3-methylimidazolium trifluoromethanesulfonate,313.2,101.325
7.149681329595714,7.149205516806559,7.158780419996775,1-ethyl-3-methylimidazolium ethyl sulfate,333.15,101.325
7.16703787691222,7.1575464003557565,7.157398992280207,1-ethyl-3-methylimidazolium tetrafluoroborate,472.4,40000.0
7.01247558975254,7.039320430121706,7.03105162273923,1-ethyl-3-methylimidazolium tetrafluoroborate,313.15,101.0
7.240004324759043,7.240006591975505,7.231817493132368,1-ethyl-3-methylimidazolium ethyl sulfate,353.15,25000.0
7.323830566202317,7.32348259324567,7.319238396911602,1-ethyl-3-methylimidazolium ethyl sulfate,283.15,30000.0
7.123995053979552,7.124456818776872,7.134404478137568,1-ethyl-3-methylimidazolium ethyl sulfate,340.65,15000.0
7.138073034044347,7.138302221375228,7.141002787503363,1-ethyl-3-methylimidazolium ethyl sulfate,328.15,101.325
7.0536721538822915,7.054931194031623,7.063937829905073,1-ethyl-3-methylimidazolium ethyl sulfate,313.15,40000.0
6.984716320118266,6.985704051795728,6.991111677809025,1-ethyl-3-methylimidazolium ethyl sulfate,323.15,101.325
7.256791119123586,7.257055089238156,7.248834572086029,1-ethyl-3-methylimidazolium bis[(trifluoromethyl)sulfonyl]imide,313.15,101.325
7.096555801873801,7.096196268783398,7.106226562693145,1-ethyl-3-methylimidazolium methylsulfate,393.15,5000.0
7.143696588526208,7.142680664619715,7.136867662981426,1-ethyl-3-methylimidazolium bis[(trifluoromethyl)sulfonyl]imide,293.15,5000.0
7.156254637558655,7.156654349697626,7.156471278159269,1-ethyl-3-methylimidazolium thiocyanate,320.072,49974.0
7.121494750221053,7.120956260965148,7.130204538924473,1-ethyl-3-methylimidazolium tetrafluoroborate,472.4,50000.0
6.988505428667246,6.988860526937041,6.997011580874618,1-ethyl-3-methylimidazolium methylsulfate,303.15,101.325
7.120606040810914,7.120991972754649,7.123001440179286,1-ethyl-3-methylimidazolium ethyl sulfate,288.15,101.325
7.123672785204607,7.123289488770566,7.133011316289595,1-ethyl-3-methylimidazolium trifluoromethanesulfonate,308.15,101.325
7.131266762600954,7.132223709330087,7.13317435705269,1-ethyl-3-methylimidazolium ethyl sulfate,348.15,25000.0
7.213768308118642,7.218013903173884,7.212081257166091,1-ethyl-3-methylimidazolium methanesulfonate,323.15,101.325
7.007600613951853,7.007179571945501,7.006871421367974,1-ethyl-3-methylimidazolium ethyl sulfate,325.65,100.0
7.1252830915107115,7.1135949237523315,7.122652291040867,1-ethyl-3-methylimidazolium ethyl sulfate,318.15,2500.0
7.336936913707618,7.335958553349066,7.3243412948540865,1-ethyl-3-methylimidazolium hexafluorophosphate,352.7,60000.0
7.02108396428914,7.021384249979351,7.024246627929923,1-ethyl-3-methylimidazolium hexafluorophosphate,432.6,130000.0
7.154537228861746,7.154624773004076,7.154467862428519,1-ethyl-3-methylimidazolium ethyl sulfate,313.15,101.325
7.119392890110145,7.118622710503559,7.127628858857885,1-ethyl-3-methylimidazolium thiocyanate,308.15,400.0
7.126087273299125,7.126637169789219,7.1220849773133725,1-ethyl-3-methylimidazolium methanesulfonate,358.15,101.325
7.151720545988645,7.151758485067492,7.15156768432624,1-ethyl-3-methylimidazolium acetate,293.15,101.325
7.011935097891801,7.020124167028674,7.0337319208268765,1-ethyl-3-methylimidazolium ethyl sulfate,328.15,101.325
7.113109534886664,7.113801050337837,7.123274267247466,1-ethyl-3-methylimidazolium tetrafluoroborate,308.15,101.325
7.136164939968847,7.129780394416138,7.139046362051583,1-ethyl-3-methylimidazolium ethyl sulfate,313.15,7500.0
7.264730177929867,7.274372433831986,7.273723944753153,1-ethyl-3-methylimidazolium bis[(trifluoromethyl)sulfonyl]imide,318.15,101.325
7.121252453244542,7.121279376733531,7.122404122534919,1-ethyl-3-methylimidazolium tetrafluoroborate,413.0,60000.0
7.090410113566212,7.090298766341449,7.094705829213936,1-ethyl-3-methylimidazolium acetate,323.11,101.325
7.126698019231737,7.1279841933464985,7.129411895291704,1-ethyl-3-methylimidazolium ethyl sulfate,353.15,101.325
7.0967213784947605,7.095882568167313,7.100353924721669,1-ethyl-3-methylimidazolium ethyl sulfate,353.15,100.0
7.183111701743281,7.182712392843298,7.170239353995464,1-ethyl-3-methylimidazolium ethyl sulfate,348.15,10000.0
7.1092256546148525,7.109913474253397,7.112849422756871,1-ethyl-3-methylimidazolium tetrafluoroborate,283.15,20000.0
7.112327444710911,7.112669746241209,7.115384151346129,1-ethyl-3-methylimidazolium methylsulfate,308.15,101.325
7.086905144610457,7.0871335326068,7.098500226027625,1-ethyl-3-methylimidazolium ethyl sulfate,413.15,2000.0
7.125041710811949,7.119245615371587,7.128880793865116,1-ethyl-3-methylimidazolium ethyl sulfate,313.15,101.325
7.071063896594161,7.071834223861452,7.080699860909614,1-ethyl-3-methylimidazolium trifluoromethanesulfonate,291.485,49838.0
7.0948155901232655,7.094625515734568,7.0987178047640676,1-ethyl-3-methylimidazolium bis[(trifluoromethyl)sulfonyl]imide,298.15,100.0
7.305456996472468,7.305447937411908,7.298689203976924,1-ethyl-3-methylimidazolium bis[(trifluoromethyl)sulfonyl]imide,298.15,101.325
7.333676395657684,7.333442707492653,7.321085233670537,1-ethyl-3-methylimidazolium ethyl sulfate,323.15,30000.0
7.119959210257961,7.120984489837956,7.123058570625689,1-ethyl-3-methylimidazolium tetrafluoroborate,308.15,101.325
7.165570751827624,7.164496645569365,7.1558144231529734,1-ethyl-3-methylimidazolium ethyl sulfate,305.65,10000.0
7.007691107594736,7.059492389878572,7.026376792542204,1-ethyl-3-methylimidazolium ethyl sulfate,363.15,60000.0
7.083387847625295,7.083729788389813,7.091144793998985,1-ethyl-3-methylimidazolium acetate,333.15,101.325
7.1276936993473985,7.127231024730421,7.13635752851422,1-ethyl-3-methylimidazolium bis[(trifluoromethyl)sulfonyl]imide,298.12,29779.0
7.10002716662926,7.100634856319083,7.112764654405375,1-ethyl-3-methylimidazolium methylsulfate,353.15,20000.0
7.112327444710911,7.11318200430627,7.122451157128427,1-ethyl-3-methylimidazolium ethyl sulfate,353.15,100.0
7.120363528380964,7.118453254688986,7.1206840754652605,1-ethyl-3-methylimidazolium ethyl sulfate,413.13,120361.0
7.125926488669789,7.126088191044446,7.130966651897871,1-ethyl-3-methylimidazolium bis[(trifluoromethyl)sulfonyl]imide,278.15,101.325
7.2196420401307355,7.21745615745924,7.212132639918008,1-ethyl-3-methylimidazolium trifluoromethanesulfonate,264.213,29714.0
7.138628876358258,7.138975926593998,7.14818072464832,1-ethyl-3-methylimidazolium tetrafluoroborate,323.15,101.325
7.126167655920446,7.126585508584653,7.128100000833411,1-ethyl-3-methylimidazolium ethyl sulfate,323.15,2010.0
7.005516996764633,7.005265808670695,7.007386198082373,1-ethyl-3-methylimidazolium bis[(trifluoromethyl)sulfonyl]imide,333.15,2000.0
7.130338673437784,7.129780394416138,7.139046362051583,1-ethyl-3-methylimidazolium tetrafluoroborate,293.15,6000.0
7.248930723873918,7.24247198100904,7.2416576325655155,1-ethyl-3-methylimidazolium ethyl sulfate,340.15,101.325
7.13966033596492,7.14030811204858,7.144893537279311,1-ethyl-3-methylimidazolium bis[(trifluoromethyl)sulfonyl]imide,293.16,20787.0
7.27690212441619,7.2770979764026285,7.27978913670557,1-ethyl-3-methylimidazolium tetrafluoroborate,313.2,150000.0
7.007510112119129,7.007074654252601,7.003638325281036,1-ethyl-3-methylimidazolium ethyl sulfate,333.13,89997.0
7.085399246224981,7.0853398375244,7.084874695714199,1-ethyl-3-methylimidazolium ethyl sulfate,323.15,25000.0
6.975927814085186,6.977610560254987,6.984263147456718,1-ethyl-3-methylimidazolium ethyl sulfate,353.14,129849.0
7.121575502835463,7.1206474310239205,7.129501228002772,1-ethyl-3-methylimidazolium bis[(trifluoromethyl)sulfonyl]imide,297.0,101.325
7.260311753657121,7.260124117402692,7.249339967577616,1-ethyl-3-methylimidazolium tetrafluoroborate,325.589,30106.0
7.23986085273584,7.2418925970662,7.238481314038923,1-ethyl-3-methylimidazolium thiocyanate,298.155,156.9
7.2868764117507,7.2886900915308805,7.281240586828312,1-ethyl-3-methylimidazolium tetrafluoroborate,308.15,101.325
7.118615700582512,7.119245615371587,7.128880793865116,1-ethyl-3-methylimidazolium ethyl sulfate,333.15,500.0
7.264870126149255,7.266577639221155,7.250802671300586,1-ethyl-3-methylimidazolium ethyl sulfate,288.15,25000.0
7.157657599597038,7.15751734132373,7.157369963020351,1-ethyl-3-methylimidazolium thiocyanate,332.089,39738.0
7.107425474110705,7.104425879377378,7.107788794440417,1-ethyl-3-methylimidazolium ethyl sulfate,318.15,101.325
7.131538625583686,7.132037699584724,7.141109221783181,1-ethyl-3-methylimidazolium ethyl sulfate,328.2,101.325
7.138073034044347,7.13946385960666,7.135320093977777,1-ethyl-3-methylimidazolium bis[(trifluoromethyl)sulfonyl]imide,309.0,101.325
7.069704045968154,7.069502071648818,7.067629445457587,1-ethyl-3-methylimidazolium acetate,353.15,101.325
7.004791241493732,7.004115704266067,7.006441881557132,1-ethyl-3-methylimidazolium ethyl sulfate,320.65,5000.0
6.982862751468942,6.9829875557072,6.988819491143504,1-ethyl-3-methylimidazolium tetrafluoroborate,340.548,29899.0
7.171042194599196,7.174088428796396,7.164650308272456,1-ethyl-3-methylimidazolium bis[(trifluoromethyl)sulfonyl]imide,363.15,101.325
7.103322062526113,7.107165616529646,7.110317510102115,1-ethyl-3-methylimidazolium tetrafluoroborate,392.9,90000.0
7.118826249062078,7.119145223361138,7.119578211037701,1-ethyl-3-methylimidazolium acetate,313.15,101.0
7.216121942626751,7.21797678977804,7.212047785163295,1-ethyl-3-methylimidazolium acetate,313.15,101.0
7.081960655173834,7.0817707237417,7.084138450761007,1-ethyl-3-methylimidazolium trifluoromethanesulfonate,293.15,4000.0
7.125443979613383,7.1277905688547225,7.135199576809866,1-ethyl-3-methylimidazolium ethyl sulfate,343.15,101.325
7.10972422226487,7.110161783466546,7.119401020524957,1-ethyl-3-methylimidazolium ethyl sulfate,298.13,39886.0
6.994024714134313,6.994053562952717,7.001574323755486,1-ethyl-3-methylimidazolium ethyl sulfate,353.15,54990.0
7.1284959456800365,7.128407142584403,7.138174963188986,1-ethyl-3-methylimidazolium trifluoromethanesulfonate,303.15,35000.0
7.1225440259135935,7.12186125992237,7.131131818938111,1-ethyl-3-methylimidazolium tetrafluoroborate,332.6,10000.0
7.124156149428954,7.123827026789019,7.1203156306297535,1-ethyl-3-methylimidazolium tetrafluoroborate,372.8,70000.0
7.377133712833954,7.376453701749455,7.379920259072207,1-ethyl-3-methylimidazolium trifluoromethanesulfonate,271.401,1190.5
7.1316985104669115,7.1261051667441295,7.135147155674462,1-ethyl-3-methylimidazolium tetrafluoroborate,313.2,170000.0
7.135536061699745,7.135398159423256,7.130679870239911,1-ethyl-3-methylimidazolium thiocyanate,328.15,101.325
7.1929342212158,7.192343901798433,7.175741510848899,1-ethyl-3-methylimidazolium ethyl sulfate,338.15,2500.0
7.087824300722798,7.0867077657225375,7.095482613607653,1-ethyl-3-methylimidazolium tetrafluoroborate,413.0,190000.0
7.120606040810914,7.120991972754649,7.123001440179286,1-ethyl-3-methylimidazolium methylsulfate,298.15,35000.0
7.307872780763706,7.3085808645939,7.308058198139919,1-ethyl-3-methylimidazolium ethyl sulfate,300.65,101.325
7.156176637480615,7.156548962566675,7.153941106958521,1-ethyl-3-methylimidazolium ethyl sulfate,293.15,30000.0
7.277247726631484,7.279038332660607,7.2770484665869715,1-ethyl-3-methylimidazolium ethyl sulfate,333.15,54990.0
7.107425474110705,7.107865573800766,7.120983770259233,1-ethyl-3-methylimidazolium ethyl sulfate,373.15,90001.0
7.154537228861746,7.154624773004076,7.154467862428519,1-ethyl-3-methylimidazolium ethyl sulfate,413.15,14990.0
7.122463351475245,7.116480218235805,7.126236205046762,1-ethyl-3-methylimidazolium acetate,278.15,101.325
7.11061448699364,7.109757937318493,7.118632157459125,1-ethyl-3-methylimidazolium hexafluorophosphate,332.7,140000.0
7.068853199324465,7.0703839393043,7.079132125447982,1-ethyl-3-methylimidazolium tetrafluoroborate,413.0,70000.0
7.119918769453184,7.120984489837956,7.123058570625689,1-ethyl-3-methylimidazolium ethyl sulfate,318.15,101.325
7.129858289121099,7.12977430768465,7.138588462694879,1-ethyl-3-methylimidazolium ethyl sulfate,293.15,25000.0
7.139818927670905,7.140552167982388,7.139994826135837,1-ethyl-3-methylimidazolium ethyl sulfate,318.15,15000.0
7.218176838403408,7.221861929118931,7.204338520117655,1-ethyl-3-methylimidazolium tetrafluoroborate,313.15,100.0
7.122197079642407,7.1227773211549215,7.131724487485708,1-ethyl-3-methylimidazolium methylsulfate,393.15,2500.0
7.237778191923443,7.234282364798802,7.23110665578282,1-ethyl-3-methylimidazolium trifluoromethanesulfonate,293.15,1000.0
7.092781508183219,7.093542251142373,7.097713558256369,1-ethyl-3-methylimidazolium hexafluorophosphate,412.9,20000.0
7.13199423012683,7.132439767487747,7.141699270708467,1-ethyl-3-methylimidazolium ethyl sulfate,293.18,60017.0
7.075301550193937,7.076333290423438,7.0882599825673305,1-ethyl-3-methylimidazolium acetate,323.15,101.325
7.099614540256581,7.098680375585387,7.107263424209204,1-ethyl-3-methylimidazolium bis[(trifluoromethyl)sulfonyl]imide,313.0,101.325
7.110696122978827,7.112654422888146,7.115539957569806,1-ethyl-3-methylimidazolium ethyl sulfate,343.15,101.325
7.156644546714762,7.156865619089425,7.148316158996848,1-ethyl-3-methylimidazolium thiocyanate,328.15,8000.0
7.166574806748817,7.165969466084575,7.1586935886094745,1-ethyl-3-methylimidazolium thiocyanate,312.12,30972.0
7.093238499113671,7.093542251142373,7.097713558256369,1-ethyl-3-methylimidazolium tetrafluoroborate,323.15,5000.0
7.116394144093465,7.107473887126108,7.110018188695571,1-ethyl-3-methylimidazolium ethyl sulfate,323.15,15000.0
7.120848494442845,7.120986396749477,7.122996356948533,1-ethyl-3-methylimidazolium ethyl sulfate,413.17,59469.0
7.3093462255417005,7.309256745955721,7.302714775773893,1-ethyl-3-methylimidazolium methanesulfonate,338.15,101.325
7.249925536717988,7.244328452058256,7.245077300271883,1-ethyl-3-methylimidazolium trifluoromethanesulfonate,323.15,100.0
7.370230641807081,7.315694685076324,7.341660923516401,1-ethyl-3-methylimidazolium ethyl sulfate,303.15,101.325
7.130842828728288,7.1307115265291054,7.126262313092837,1-ethyl-3-methylimidazolium methylsulfate,328.15,101.325
7.134572075662643,7.137883484475043,7.137180907994783,1-ethyl-3-methylimidazolium trifluoromethanesulfonate,333.15,101.325
7.120282677833157,7.119217903113175,7.128983727009792,1-ethyl-3-methylimidazolium acetate,338.15,101.0
7.137198942844827,7.138675264277644,7.131063384592561,1-ethyl-3-methylimidazolium tetrafluoroborate,303.15,101.0
7.338712679851238,7.338576987399443,7.333811005786427,1-ethyl-3-methylimidazolium trifluoromethanesulfonate,343.15,101.325
7.1325774206749015,7.132597512289402,7.1413461414546004,1-ethyl-3-methylimidazolium bis[(trifluoromethyl)sulfonyl]imide,333.15,15000.0
7.144407180321139,7.1470496079384835,7.141880436137974,1-ethyl-3-methylimidazolium ethyl sulfate,303.15,101.325
7.302563806901772,7.3021145237308565,7.29518763978636,1-ethyl-3-methylimidazolium ethyl sulfate,340.65,10000.0
7.154615356913663,7.154624773004076,7.154467862428519,1-ethyl-3-methylimidazolium thiocyanate,317.832,19821.0
7.2991214627108,7.326673325077672,7.334340370400828,1-ethyl-3-methylimidazolium hexafluorophosphate,432.6,80000.0
7.293017679772782,7.2930778370653915,7.295502356449738,1-ethyl-3-methylimidazolium tetrafluoroborate,352.7,140000.0
7.135687347028144,7.153815037290454,7.147931904308499,1-ethyl-3-methylimidazolium thiocyanate,293.15,101.325
7.013735602519369,7.013837710271411,7.0234527662397745,1-ethyl-3-methylimidazolium acetate,328.15,101.325
7.164101471124065,7.163673230756884,7.1574734410970615,1-ethyl-3-methylimidazolium ethyl sulfate,323.15,2500.0
7.302179661973321,7.3021145237308565,7.29518763978636,1-ethyl-3-methylimidazolium tetrafluoroborate,332.852,50074.0
7.24422751560335,7.2142290471805675,7.2090924561974115,1-ethyl-3-methylimidazolium ethyl sulfate,333.15,30000.0
7.1515638307399305,7.1511885200599545,7.143206278966555,1-ethyl-3-methylimidazolium thiocyanate,338.15,101.325
7.048733872241709,7.050080726390447,7.060466396232327,1-ethyl-3-methylimidazolium ethyl sulfate,313.15,101.325
7.108546876226282,7.10831332706025,7.118069137378683,1-ethyl-3-methylimidazolium ethyl sulfate,313.15,101.325
7.329093736246592,7.328672398744177,7.323269122035123,1-ethyl-3-methylimidazolium ethyl sulfate,298.15,101.325
7.117254163780884,7.1168261196097875,7.119195771912572,1-ethyl-3-methylimidazolium bis[(trifluoromethyl)sulfonyl]imide,298.15,101.325
7.195187320178709,7.195403043613823,7.182451845145782,1-ethyl-3-methylimidazolium bis[(trifluoromethyl)sulfonyl]imide,333.0,101.325
7.112327444710911,7.111027554737357,7.120778501333817,1-ethyl-3-methylimidazolium hexafluorophosphate,372.8,200000.0
7.157657599597038,7.15751734132373,7.157369963020351,1-ethyl-3-methylimidazolium ethyl sulfate,373.15,14990.0
7.1287364941316635,7.128853008077147,7.138691038295228,1-ethyl-3-methylimidazolium tetrafluoroborate,298.15,101.325
7.105794332893071,7.105607669695919,7.115373307303688,1-ethyl-3-methylimidazolium tetrafluoroborate,293.15,20000.0
7.019922575852885,7.019571939154454,7.021750324096116,1-ethyl-3-methylimidazolium ethyl sulfate,303.15,101.325
7.0967213784947605,7.091546006117139,7.100263792287973,1-ethyl-3-methylimidazolium methanesulfonate,288.15,101.325
7.319202458767849,7.318740727801154,7.312725423797218,1-ethyl-3-methylimidazolium tetrafluoroborate,363.15,101.325
7.111512116496157,7.140552167982388,7.139994826135837,1-ethyl-3-methylimidazolium trifluoromethanesulfonate,318.15,101.325
7.109961159081466,7.107440032039178,7.110570563799209,1-ethyl-3-methylimidazolium bis[(trifluoromethyl)sulfonyl]imide,308.15,101.325
6.982862751468942,6.974949539951164,6.981999685957129,1-ethyl-3-methylimidazolium acetate,343.15,101.325
7.008324333903833,7.008141323208231,7.009739723868888,1-ethyl-3-methylimidazolium thiocyanate,305.117,29852.0
7.154537228861746,7.154624773004076,7.154467862428519,1-ethyl-3-methylimidazolium ethyl sulfate,333.15,35000.0
7.1171973928313745,7.117883747720643,7.127475114692306,1-ethyl-3-methylimidazolium ethyl sulfate,303.15,2010.0
7.221543598518397,7.221101044761073,7.214864191974616,1-ethyl-3-methylimidazolium bis[(trifluoromethyl)sulfonyl]imide,268.29,101.325
7.261927092702751,7.260189833688877,7.28131941272659,1-ethyl-3-methylimidazolium ethyl sulfate,303.15,10000.0
7.295531524219217,7.295434217337488,7.288197227876397,1-ethyl-3-methylimidazolium ethyl sulfate,318.15,101.325
7.118583304573698,7.117762079280055,7.126718515199078,1-ethyl-3-methylimidazolium ethyl sulfate,318.15,101.325
7.151250326544244,7.1511613900315245,7.145479630746549,1-ethyl-3-methylimidazolium ethyl sulfate,313.15,2500.0
7.087573705557973,7.1193362549601416,7.117073086850356,1-ethyl-3-methylimidazolium methylsulfate,333.15,35000.0
7.1439335085668025,7.14537484653981,7.140216681266984,1-ethyl-3-methylimidazolium ethyl sulfate,363.15,19990.0
7.254743457331325,7.257620620730297,7.250176112960778,1-ethyl-3-methylimidazolium bis[(trifluoromethyl)sulfonyl]imide,333.15,101.325
7.316082952703778,7.315423306270762,7.309212940477908,1-ethyl-3-methylimidazolium bis[(trifluoromethyl)sulfonyl]imide,348.15,101.325
7.06270563897996,7.06332398251351,7.073744911476263,1-ethyl-3-methylimidazolium thiocyanate,308.15,1000.0
6.995830256814472,6.996762655523269,7.000365750895508,1-ethyl-3-methylimidazolium ethyl sulfate,323.15,30010.0
7.0240260606475236,7.023948751010173,7.02724526820456,1-ethyl-3-methylimidazolium ethyl sulfate,333.15,15000.0
7.126328401781586,7.120984489837956,7.123058570625689,1-ethyl-3-methylimidazolium tetrafluoroborate,318.15,101.325
7.091492499917254,7.09152748171227,7.100028289675076,1-ethyl-3-methylimidazolium trifluoromethanesulfonate,332.559,22229.0
7.292207828121917,7.292086984080231,7.284709442977864,1-ethyl-3-methylimidazolium ethyl sulfate,340.65,2500.0
7.11061448699364,7.110464046126988,7.113356155373709,1-ethyl-3-methylimidazolium ethyl sulfate,308.15,101.0
7.328962494038909,7.328672398744177,7.323269122035123,1-ethyl-3-methylimidazolium methylsulfate,303.15,7500.0
7.110296042957487,7.110416951084056,7.119495193450358,1-ethyl-3-methylimidazolium ethyl sulfate,303.15,35000.0
7.126890808898808,7.126741617212219,7.134130784456481,1-ethyl-3-methylimidazolium bis[(trifluoromethyl)sulfonyl]imide,373.33,20000.0
7.1052117233603616,7.104978479821113,7.113739243334049,1-ethyl-3-methylimidazolium tetrafluoroborate,343.15,101.325
7.322642525669206,7.322054596649896,7.31623930392085,1-ethyl-3-methylimidazolium hexafluorophosphate,392.9,40000.0
7.0992843165270045,7.096599849083197,7.1005475534992275,1-ethyl-3-methylimidazolium ethyl sulfate,373.13,98959.0
7.105129638402384,7.1049731912814,7.108294263485756,1-ethyl-3-methylimidazolium tetrafluoroborate,303.15,10000.0
7.012835755432644,7.012805777824968,7.0178123123559555,1-ethyl-3-methylimidazolium hexafluorophosphate,412.9,80000.0
7.097548850614793,7.09762058445908,7.104414796072889,1-ethyl-3-methylimidazolium tetrafluoroborate,283.15,30000.0
7.1271317437271025,7.127006213846642,7.136963209697181,1-ethyl-3-methylimidazolium ethyl sulfate,298.15,15000.0
6.996864454053913,6.99691884717337,6.999394609566954,1-ethyl-3-methylimidazolium ethyl sulfate,343.15,20000.0
7.11590701247711,7.119838425948401,7.116090096193146,1-ethyl-3-methylimidazolium thiocyanate,318.848,1162.8
7.065613363597717,7.06664976006654,7.075193511597274,1-ethyl-3-methylimidazolium trifluoromethanesulfonate,293.15,35000.0
7.129698109719828,7.1294666471300685,7.123866389342141,1-ethyl-3-methylimidazolium trifluoromethanesulfonate,299.138,60111.0
7.289610521451167,7.295534559703008,7.288301943246211,1-ethyl-3-methylimidazolium methanesulfonate,323.0,101.325
7.088659164688471,7.0892257670162415,7.098530138317875,1-ethyl-3-methylimidazolium ethyl sulfate,300.66,101.325
7.363089334243436,7.363633480559137,7.379920257528005,1-ethyl-3-methylimidazolium tetrafluoroborate,392.9,150000.0
7.090076835776092,7.089728259813033,7.09561885957299,1-ethyl-3-methylimidazolium ethyl sulfate,313.14,49994.0
7.151720545988645,7.151758485067492,7.15156768432624,1-ethyl-3-methylimidazolium ethyl sulfate,313.15,101.325
7.302496423727326,7.303331971418246,7.30238039020338,1-ethyl-3-methylimidazolium ethyl sulfate,298.15,1000.0
7.325478284485803,7.325888381650138,7.333342964370755,1-ethyl-3-methylimidazolium ethyl sulfate,293.15,100.0
7.321922414384202,7.322153959714304,7.316344736330493,1-ethyl-3-methylimidazolium bis[(trifluoromethyl)sulfonyl]imide,303.15,101.325
7.066808208836737,7.0675981501479095,7.077631784777277,1-ethyl-3-methylimidazolium ethyl sulfate,313.15,30000.0
7.322114054260421,7.322054596649896,7.31623930392085,1-ethyl-3-methylimidazolium ethyl sulfate,393.13,89994.0
7.145038393850066,7.144627092740478,7.136709888279501,1-ethyl-3-methylimidazolium tetrafluoroborate,323.15,101.325
7.2991214627108,7.2989570341954435,7.291878889752095,1-ethyl-3-methylimidazolium thiocyanate,288.15,101.325
7.085064293952548,7.085963981244003,7.098256220646499,1-ethyl-3-methylimidazolium methylsulfate,321.15,101.325
7.160690615104083,7.159142698260122,7.152870223850657,1-ethyl-3-methylimidazolium hexafluorophosphate,352.7,140000.0
7.107171551621228,7.106959403602067,7.116719505314111,1-ethyl-3-methylimidazolium ethyl sulfate,293.15,50000.0
7.295735072749282,7.2968178567399695,7.298034820661374,1-ethyl-3-methylimidazolium ethyl sulfate,283.15,35000.0
7.107916753904423,7.10717110405471,7.110322570863977,1-ethyl-3-methylimidazolium tetrafluoroborate,298.15,101.325
7.152033902826306,7.151313917153989,7.147455803000052,1-ethyl-3-methylimidazolium ethyl sulfate,360.15,101.325
7.02054810645726,7.020486017713155,7.02871965687727,1-ethyl-3-methylimidazolium tetrafluoroborate,298.146,61191.0
7.1098794630722715,7.110079752588479,7.111659095576426,1-ethyl-3-methylimidazolium ethyl sulfate,350.65,25000.0
7.325148957955575,7.325464357932195,7.319859497736228,1-ethyl-3-methylimidazolium ethyl sulfate,298.15,49994.0
7.128423769859707,7.129400404614352,7.130630476874737,1-ethyl-3-methylimidazolium ethyl sulfate,288.157,96.0
7.129297548929373,7.129878875672264,7.1358921907623625,1-ethyl-3-methylimidazolium bis[(trifluoromethyl)sulfonyl]imide,328.15,101.325
7.135886371807386,7.135832047971925,7.14602750748381,1-ethyl-3-methylimidazolium tetrafluoroborate,313.15,20000.0
7.134492365806477,7.133650548872498,7.143369736824419,1-ethyl-3-methylimidazolium hexafluorophosphate,412.9,130000.0
7.230635562083883,7.2315122070547915,7.236416997692904,1-ethyl-3-methylimidazolium tetrafluoroborate,313.15,40000.0
7.096969692033262,7.096795312025843,7.100728654915763,1-ethyl-3-methylimidazolium ethyl sulfate,393.12,59389.0
7.2751030649771735,7.274434074233578,7.279945845949288,1-ethyl-3-methylimidazolium ethyl sulfate,333.15,120000.0
7.1284959456800365,7.1219626565875735,7.1317431474676285,1-ethyl-3-methylimidazolium ethyl sulfate,308.15,100.0
7.099697079153082,7.096252448687639,7.100225655442461,1-ethyl-3-methylimidazolium ethyl sulfate,313.15,35000.0
7.169042040074387,7.168175577459831,7.159219612616753,1-ethyl-3-methylimidazolium tetrafluoroborate,313.15,101.325
7.114509251916677,7.1140566591438,7.11665752721707,1-ethyl-3-methylimidazolium ethyl sulfate,333.18,139672.0
7.098706162474146,7.0989664457826835,7.102811728193329,1-ethyl-3-methylimidazolium bis[(trifluoromethyl)sulfonyl]imide,288.15,101.325
7.2868764117507,7.288253648704424,7.285891706348518,1-ethyl-3-methylimidazolium bis[(trifluoromethyl)sulfonyl]imide,333.17,5331.0
7.1539510738265,7.153815037290454,7.147931904308499,1-ethyl-3-methylimidazolium bis[(trifluoromethyl)sulfonyl]imide,293.15,7500.0
7.154615356913663,7.154653568277193,7.1544968746349165,1-ethyl-3-methylimidazolium tetrafluoroborate,323.15,101.0
7.1252830915107115,7.125189682791687,7.119186765947255,1-ethyl-3-methylimidazolium bis[(trifluoromethyl)sulfonyl]imide,293.49,10000.0
7.1049654482698426,7.107153034908047,7.110480934383722,1-ethyl-3-methylimidazolium tetrafluoroborate,303.15,40000.0
7.108898590016679,7.108028382840176,7.118934658662542,1-ethyl-3-methylimidazolium ethyl sulfate,413.17,139292.0
7.0015188087943,7.001767343505464,6.998976352195999,1-ethyl-3-methylimidazolium methanesulfonate,348.15,101.325
7.0896600822797495,7.0887334065254235,7.098556206604942,1-ethyl-3-methylimidazolium ethyl sulfate,433.15,1010.0
7.001427754844772,6.996773871724707,7.000375068665677,1-ethyl-3-methylimidazolium bis[(trifluoromethyl)sulfonyl]imide,333.0,101.325
7.176789557061435,7.180953177115305,7.177172103957435,1-ethyl-3-methylimidazolium ethyl sulfate,310.15,101.325
7.010131345599003,7.0100698723057215,7.015469841680536,1-ethyl-3-methylimidazolium ethyl sulfate,363.15,101.325
7.261365531548025,7.266363780468311,7.275164448469492,1-ethyl-3-methylimidazolium tetrafluoroborate,288.15,100.0
7.298445101508147,7.298776674168212,7.29169013716437,1-ethyl-3-methylimidazolium ethyl sulfate,313.15,40000.0
7.126167655920446,7.127310033765469,7.132890632942254,1-ethyl-3-methylimidazolium ethyl sulfate,290.64,101.325
7.328503010621458,7.327741275593935,7.338165122844239,1-ethyl-3-methylimidazolium acetate,293.15,101.325
7.140056768081112,7.140025172656678,7.142139745720033,1-ethyl-3-methylimidazolium thiocyanate,298.15,101.325
7.114281524472909,7.115407031641861,7.1178959335167065,1-ethyl-3-methylimidazolium ethyl sulfate,313.15,20000.0
7.1308988302963465,7.132070530410913,7.130818291188621,1-ethyl-3-methylimidazolium bis[(trifluoromethyl)sulfonyl]imide,298.0,101.325
7.110402202237338,7.109913474253397,7.112849422756871,1-ethyl-3-methylimidazolium tetrafluoroborate,372.8,140000.0
7.327846239285621,7.327584443032415,7.319542457115132,1-ethyl-3-methylimidazolium bis[(trifluoromethyl)sulfonyl]imide,293.49,20000.0
7.1218984480990475,7.1209901449060995,7.1230154063011755,1-ethyl-3-methylimidazolium hexafluorophosphate,412.9,100000.0
7.142115685501512,7.142273718848716,7.153452713967196,1-ethyl-3-methylimidazolium thiocyanate,298.15,800.0
